{
  "run_tag": "CONFIRMATORY",
  "probe": "maze",
  "regime": "control",
  "seed_pool": "HOLDOUT",
  "seed": 1008,
  "config": {
    "S": 6,
    "mults": [
      1,
      2,
      4,
      8
    ],
    "eps": 2.0,
    "hidden": 16,
    "steps": 250,
    "lr": 0.02,
    "n_train": 48,
    "n_test": 48,
    "k_grid": [
      1,
      2,
      4,
      8,
      16,
      32,
      64,
      128,
      256
    ],
    "b2_method": "jacobi",
    "match_target": "solve_adjoint"
  },
  "S": 6,
  "K_match": 7,
  "b2_method": "jacobi",
  "match_target": "solve_adjoint",
  "matched_compute": {
    "exact_solve_adjoint_flops": 5284.0,
    "b2_one_step_solve_adjoint_flops": 768
  },
  "eps": 2.0,
  "sizes": [
    6,
    12,
    24,
    48
  ],
  "k_grid": [
    1,
    2,
    4,
    8,
    16,
    32,
    64,
    128,
    256
  ],
  "exact": {
    "6": 5.877286580480817e-08,
    "12": 3.240578780042304e-08,
    "24": 3.1842246551348976e-09,
    "48": 9.330160798162448e-10
  },
  "b2_matched": {
    "6": 7.924055748302967e-07,
    "12": 1.609014696544755e-07,
    "24": 3.7903503709932185e-08,
    "48": 1.0466631180357106e-08
  },
  "b1": {
    "6": 0.001620802292321656,
    "12": 0.0003830243709903251,
    "24": 8.229651775049654e-05,
    "48": 1.997808021530264e-05
  },
  "baseline": {
    "6": 0.001583274473233948,
    "12": 0.0005106564079779633,
    "24": 0.0002578422298767242,
    "48": 0.000208535151456018
  },
  "swap": {
    "train_exact__eval_exact": {
      "6": 5.877286580480817e-08,
      "12": 3.240578780042304e-08,
      "24": 3.1842246551348976e-09,
      "48": 9.330160798162448e-10
    },
    "train_exact__eval_b2": {
      "6": 8.325151596174236e-07,
      "12": 1.6859119878461597e-07,
      "24": 4.0525838966215614e-08,
      "48": 1.0850250149729235e-08
    },
    "train_b2__eval_exact": {
      "6": 7.591304180917803e-08,
      "12": 3.589226609915404e-08,
      "24": 4.014361873732615e-09,
      "48": 1.5228000214903e-09
    },
    "train_b2__eval_b2": {
      "6": 7.924055748302967e-07,
      "12": 1.609014696544755e-07,
      "24": 3.7903503709932185e-08,
      "48": 1.0466631180357106e-08
    }
  },
  "bank": {
    "1": {
      "6": 0.0002559709356043524,
      "12": 5.291784769963424e-05,
      "24": 1.2540949505002622e-05,
      "48": 3.193666498709196e-06
    },
    "2": {
      "6": 5.6207329563666924e-05,
      "12": 1.1093392345537764e-05,
      "24": 2.6973208456091345e-06,
      "48": 7.068189047606168e-07
    },
    "4": {
      "6": 9.209540513681674e-06,
      "12": 1.7371545412705375e-06,
      "24": 4.358252994276402e-07,
      "48": 1.1685865740104317e-07
    },
    "8": {
      "6": 3.577218038132244e-07,
      "12": 8.614924406820599e-08,
      "24": 1.7696171260384165e-08,
      "48": 4.92376681139738e-09
    },
    "16": {
      "6": 5.924714434349719e-08,
      "12": 3.2458031616448475e-08,
      "24": 3.2074456284508312e-09,
      "48": 9.409471698537478e-10
    },
    "32": {
      "6": 5.8773173552904785e-08,
      "12": 3.2405635195593287e-08,
      "24": 3.1842302248732155e-09,
      "48": 9.33020649905383e-10
    },
    "64": {
      "6": 5.8772865808325354e-08,
      "12": 3.240578779723601e-08,
      "24": 3.1842246553130115e-09,
      "48": 9.330160798968804e-10
    },
    "128": {
      "6": 5.877286580480941e-08,
      "12": 3.240578780042304e-08,
      "24": 3.18422465513498e-09,
      "48": 9.330160798162642e-10
    },
    "256": {
      "6": 5.877286580480807e-08,
      "12": 3.2405787800422386e-08,
      "24": 3.1842246551348467e-09,
      "48": 9.33016079816233e-10
    }
  },
  "seconds": 251.43663400004152
}