{
  "run_tag": "CONFIRMATORY",
  "probe": "maze",
  "regime": "control",
  "seed_pool": "HOLDOUT",
  "seed": 1020,
  "config": {
    "S": 6,
    "mults": [
      1,
      2,
      4,
      8
    ],
    "eps": 2.0,
    "hidden": 16,
    "steps": 250,
    "lr": 0.02,
    "n_train": 48,
    "n_test": 48,
    "k_grid": [
      1,
      2,
      4,
      8,
      16,
      32,
      64,
      128,
      256
    ],
    "b2_method": "jacobi",
    "match_target": "solve_adjoint"
  },
  "S": 6,
  "K_match": 7,
  "b2_method": "jacobi",
  "match_target": "solve_adjoint",
  "matched_compute": {
    "exact_solve_adjoint_flops": 5284.0,
    "b2_one_step_solve_adjoint_flops": 768
  },
  "eps": 2.0,
  "sizes": [
    6,
    12,
    24,
    48
  ],
  "k_grid": [
    1,
    2,
    4,
    8,
    16,
    32,
    64,
    128,
    256
  ],
  "exact": {
    "6": 5.301524199114172e-08,
    "12": 1.0352466324862085e-08,
    "24": 2.792461686268261e-09,
    "48": 6.552073272880492e-10
  },
  "b2_matched": {
    "6": 6.824116613581901e-07,
    "12": 1.7162009204931197e-07,
    "24": 4.131992368146377e-08,
    "48": 1.061639582448283e-08
  },
  "b1": {
    "6": 0.0016302166037349265,
    "12": 0.00035358289759429605,
    "24": 8.288469512575096e-05,
    "48": 1.9564425010334687e-05
  },
  "baseline": {
    "6": 0.0015931622783827723,
    "12": 0.00048095817918358656,
    "24": 0.0002592094120906477,
    "48": 0.00020813005845564403
  },
  "swap": {
    "train_exact__eval_exact": {
      "6": 5.301524199114172e-08,
      "12": 1.0352466324862085e-08,
      "24": 2.792461686268261e-09,
      "48": 6.552073272880492e-10
    },
    "train_exact__eval_b2": {
      "6": 7.127778663820548e-07,
      "12": 1.7757638218259106e-07,
      "24": 4.2604033751970925e-08,
      "48": 1.0826623181201477e-08
    },
    "train_b2__eval_exact": {
      "6": 6.952430460296253e-08,
      "12": 1.8547353426059396e-08,
      "24": 5.303213920635515e-09,
      "48": 1.5216349786562181e-09
    },
    "train_b2__eval_b2": {
      "6": 6.824116613581901e-07,
      "12": 1.7162009204931197e-07,
      "24": 4.131992368146377e-08,
      "48": 1.061639582448283e-08
    }
  },
  "bank": {
    "1": {
      "6": 0.00025076099456038125,
      "12": 5.384553056904575e-05,
      "24": 1.3313058006100553e-05,
      "48": 3.1135730728845826e-06
    },
    "2": {
      "6": 5.164880796956038e-05,
      "12": 1.186088375093585e-05,
      "24": 2.8497225037413495e-06,
      "48": 6.760547279040137e-07
    },
    "4": {
      "6": 8.143031466362994e-06,
      "12": 1.956688689190331e-06,
      "24": 4.649658571588698e-07,
      "48": 1.1428705846199004e-07
    },
    "8": {
      "6": 3.117001290354041e-07,
      "12": 7.738719830507786e-08,
      "24": 1.8835981447654138e-08,
      "48": 4.805861204390318e-09
    },
    "16": {
      "6": 5.3455456165053665e-08,
      "12": 1.0462807508751502e-08,
      "24": 2.8126004330320517e-09,
      "48": 6.609241915214326e-10
    },
    "32": {
      "6": 5.301532034089571e-08,
      "12": 1.0352484813900219e-08,
      "24": 2.792443252037674e-09,
      "48": 6.552040563395209e-10
    },
    "64": {
      "6": 5.3015241990693106e-08,
      "12": 1.0352466324860391e-08,
      "24": 2.7924616861055112e-09,
      "48": 6.552073272519125e-10
    },
    "128": {
      "6": 5.301524199114153e-08,
      "12": 1.0352466324862012e-08,
      "24": 2.792461686268272e-09,
      "48": 6.552073272880562e-10
    },
    "256": {
      "6": 5.30152419911412e-08,
      "12": 1.035246632486189e-08,
      "24": 2.7924616862682594e-09,
      "48": 6.552073272880531e-10
    }
  },
  "seconds": 235.41119880008046
}