{
  "run_tag": "CONFIRMATORY",
  "probe": "maze",
  "regime": "control",
  "seed_pool": "HOLDOUT",
  "seed": 1000,
  "config": {
    "S": 6,
    "mults": [
      1,
      2,
      4,
      8
    ],
    "eps": 2.0,
    "hidden": 16,
    "steps": 250,
    "lr": 0.02,
    "n_train": 48,
    "n_test": 48,
    "k_grid": [
      1,
      2,
      4,
      8,
      16,
      32,
      64,
      128,
      256
    ],
    "b2_method": "jacobi",
    "match_target": "solve_adjoint"
  },
  "S": 6,
  "K_match": 7,
  "b2_method": "jacobi",
  "match_target": "solve_adjoint",
  "matched_compute": {
    "exact_solve_adjoint_flops": 5284.0,
    "b2_one_step_solve_adjoint_flops": 768
  },
  "eps": 2.0,
  "sizes": [
    6,
    12,
    24,
    48
  ],
  "k_grid": [
    1,
    2,
    4,
    8,
    16,
    32,
    64,
    128,
    256
  ],
  "exact": {
    "6": 6.0781784780633e-08,
    "12": 7.678757882882762e-09,
    "24": 3.474681105112338e-09,
    "48": 4.4998455464814317e-10
  },
  "b2_matched": {
    "6": 6.240192097546042e-07,
    "12": 1.8168275991677706e-07,
    "24": 4.220620293941403e-08,
    "48": 1.0778592728145822e-08
  },
  "b1": {
    "6": 0.0016876314186236943,
    "12": 0.00033615746484997455,
    "24": 8.738900144634702e-05,
    "48": 2.005029961892366e-05
  },
  "baseline": {
    "6": 0.0016435957023034852,
    "12": 0.0004630705885738242,
    "24": 0.00026323595339249723,
    "48": 0.00020848714373455492
  },
  "swap": {
    "train_exact__eval_exact": {
      "6": 6.0781784780633e-08,
      "12": 7.678757882882762e-09,
      "24": 3.474681105112338e-09,
      "48": 4.4998455464814317e-10
    },
    "train_exact__eval_b2": {
      "6": 6.453016706887914e-07,
      "12": 1.9238454626245737e-07,
      "24": 4.327237322080062e-08,
      "48": 1.1416869199019704e-08
    },
    "train_b2__eval_exact": {
      "6": 8.129618439167997e-08,
      "12": 1.5864425727561546e-08,
      "24": 6.401698502635893e-09,
      "48": 1.1089631797967106e-09
    },
    "train_b2__eval_b2": {
      "6": 6.240192097546042e-07,
      "12": 1.8168275991677706e-07,
      "24": 4.220620293941403e-08,
      "48": 1.0778592728145822e-08
    }
  },
  "bank": {
    "1": {
      "6": 0.00023150044194037906,
      "12": 5.498405440314291e-05,
      "24": 1.2403965534172784e-05,
      "48": 2.9911462354071435e-06
    },
    "2": {
      "6": 4.827372025791618e-05,
      "12": 1.2074370493882855e-05,
      "24": 2.6648696275845685e-06,
      "48": 6.770306724303139e-07
    },
    "4": {
      "6": 7.417079937132386e-06,
      "12": 2.01964007497496e-06,
      "24": 4.4339324863108373e-07,
      "48": 1.1601556009619456e-07
    },
    "8": {
      "6": 2.8723127549544956e-07,
      "12": 8.146114402001933e-08,
      "24": 2.0138239750614355e-08,
      "48": 4.868742449884482e-09
    },
    "16": {
      "6": 6.098789789741018e-08,
      "12": 7.841265914344272e-09,
      "24": 3.5189302111547275e-09,
      "48": 4.604217574528151e-10
    },
    "32": {
      "6": 6.07816124745129e-08,
      "12": 7.678783734556378e-09,
      "24": 3.4747034836649265e-09,
      "48": 4.499885952113622e-10
    },
    "64": {
      "6": 6.078178478063036e-08,
      "12": 7.678757882431247e-09,
      "24": 3.47468110523522e-09,
      "48": 4.4998455463695064e-10
    },
    "128": {
      "6": 6.078178478063579e-08,
      "12": 7.678757882882848e-09,
      "24": 3.474681105112382e-09,
      "48": 4.499845546481386e-10
    },
    "256": {
      "6": 6.07817847806353e-08,
      "12": 7.67875788288287e-09,
      "24": 3.4746811051123792e-09,
      "48": 4.4998455464813914e-10
    }
  },
  "seconds": 248.85960870003328
}