{
  "run_tag": "CONFIRMATORY",
  "probe": "maze",
  "regime": "control",
  "seed_pool": "HOLDOUT",
  "seed": 1023,
  "config": {
    "S": 6,
    "mults": [
      1,
      2,
      4,
      8
    ],
    "eps": 2.0,
    "hidden": 16,
    "steps": 250,
    "lr": 0.02,
    "n_train": 48,
    "n_test": 48,
    "k_grid": [
      1,
      2,
      4,
      8,
      16,
      32,
      64,
      128,
      256
    ],
    "b2_method": "jacobi",
    "match_target": "solve_adjoint"
  },
  "S": 6,
  "K_match": 7,
  "b2_method": "jacobi",
  "match_target": "solve_adjoint",
  "matched_compute": {
    "exact_solve_adjoint_flops": 5284.0,
    "b2_one_step_solve_adjoint_flops": 768
  },
  "eps": 2.0,
  "sizes": [
    6,
    12,
    24,
    48
  ],
  "k_grid": [
    1,
    2,
    4,
    8,
    16,
    32,
    64,
    128,
    256
  ],
  "exact": {
    "6": 3.5645429582828866e-08,
    "12": 1.4417201127382106e-08,
    "24": 3.937999157502981e-09,
    "48": 1.3826420377202287e-09
  },
  "b2_matched": {
    "6": 7.343412446921407e-07,
    "12": 1.822126769028447e-07,
    "24": 4.031108907713386e-08,
    "48": 1.0625984263420358e-08
  },
  "b1": {
    "6": 0.0015082832624172735,
    "12": 0.00034011459552036607,
    "24": 8.260669883722159e-05,
    "48": 2.1315108131029096e-05
  },
  "baseline": {
    "6": 0.0014650209647847953,
    "12": 0.0004684913336694843,
    "24": 0.0002580987448258637,
    "48": 0.00020973070715048087
  },
  "swap": {
    "train_exact__eval_exact": {
      "6": 3.5645429582828866e-08,
      "12": 1.4417201127382106e-08,
      "24": 3.937999157502981e-09,
      "48": 1.3826420377202287e-09
    },
    "train_exact__eval_b2": {
      "6": 7.576864849000343e-07,
      "12": 1.9018648233844817e-07,
      "24": 4.0776480893767925e-08,
      "48": 1.0762587360201622e-08
    },
    "train_b2__eval_exact": {
      "6": 7.300797420337273e-08,
      "12": 2.4370761547582968e-08,
      "24": 7.570266696165988e-09,
      "48": 2.3924132966092537e-09
    },
    "train_b2__eval_b2": {
      "6": 7.343412446921407e-07,
      "12": 1.822126769028447e-07,
      "24": 4.031108907713386e-08,
      "48": 1.0625984263420358e-08
    }
  },
  "bank": {
    "1": {
      "6": 0.00025268028059613284,
      "12": 5.592255784741605e-05,
      "24": 1.2615857273472413e-05,
      "48": 2.898317464931975e-06
    },
    "2": {
      "6": 5.393903921792587e-05,
      "12": 1.2424948324000761e-05,
      "24": 2.7309543726687374e-06,
      "48": 6.379027226011622e-07
    },
    "4": {
      "6": 8.530772313004673e-06,
      "12": 2.081426333824085e-06,
      "24": 4.4285925035922145e-07,
      "48": 1.0742014709613491e-07
    },
    "8": {
      "6": 3.242458074170834e-07,
      "12": 8.301636810578641e-08,
      "24": 1.924010659709262e-08,
      "48": 5.339182872848376e-09
    },
    "16": {
      "6": 3.621322998540144e-08,
      "12": 1.4476786842233704e-08,
      "24": 3.9698518288782095e-09,
      "48": 1.3889813971111066e-09
    },
    "32": {
      "6": 3.564553729317802e-08,
      "12": 1.4417137280865532e-08,
      "24": 3.938003168213199e-09,
      "48": 1.3826411619175425e-09
    },
    "64": {
      "6": 3.564542958165227e-08,
      "12": 1.4417201126612477e-08,
      "24": 3.93799915742209e-09,
      "48": 1.3826420376471109e-09
    },
    "128": {
      "6": 3.564542958282906e-08,
      "12": 1.4417201127382172e-08,
      "24": 3.937999157503008e-09,
      "48": 1.3826420377202233e-09
    },
    "256": {
      "6": 3.56454295828295e-08,
      "12": 1.4417201127382258e-08,
      "24": 3.937999157503057e-09,
      "48": 1.3826420377202198e-09
    }
  },
  "seconds": 232.39322890003677
}