{
  "run_tag": "CONFIRMATORY",
  "probe": "maze",
  "regime": "control",
  "seed_pool": "HOLDOUT",
  "seed": 1011,
  "config": {
    "S": 6,
    "mults": [
      1,
      2,
      4,
      8
    ],
    "eps": 2.0,
    "hidden": 16,
    "steps": 250,
    "lr": 0.02,
    "n_train": 48,
    "n_test": 48,
    "k_grid": [
      1,
      2,
      4,
      8,
      16,
      32,
      64,
      128,
      256
    ],
    "b2_method": "jacobi",
    "match_target": "solve_adjoint"
  },
  "S": 6,
  "K_match": 7,
  "b2_method": "jacobi",
  "match_target": "solve_adjoint",
  "matched_compute": {
    "exact_solve_adjoint_flops": 5284.0,
    "b2_one_step_solve_adjoint_flops": 768
  },
  "eps": 2.0,
  "sizes": [
    6,
    12,
    24,
    48
  ],
  "k_grid": [
    1,
    2,
    4,
    8,
    16,
    32,
    64,
    128,
    256
  ],
  "exact": {
    "6": 1.6086320712614355e-07,
    "12": 4.764193543650445e-08,
    "24": 1.430805258985384e-08,
    "48": 3.3691497755381422e-09
  },
  "b2_matched": {
    "6": 8.080763312580655e-07,
    "12": 1.5414250929587072e-07,
    "24": 5.079703749935036e-08,
    "48": 1.1369529236887343e-08
  },
  "b1": {
    "6": 0.0015279386544360294,
    "12": 0.00035989322947747523,
    "24": 8.300042800587007e-05,
    "48": 2.108060490404623e-05
  },
  "baseline": {
    "6": 0.0014770092943815478,
    "12": 0.0004830772742713286,
    "24": 0.00025723460373833207,
    "48": 0.00020930223943869868
  },
  "swap": {
    "train_exact__eval_exact": {
      "6": 1.6086320712614355e-07,
      "12": 4.764193543650445e-08,
      "24": 1.430805258985384e-08,
      "48": 3.3691497755381422e-09
    },
    "train_exact__eval_b2": {
      "6": 9.87766113453933e-07,
      "12": 2.1451639514455646e-07,
      "24": 6.447076961680138e-08,
      "48": 1.4616198495318132e-08
    },
    "train_b2__eval_exact": {
      "6": 1.679931638543071e-07,
      "12": 2.973860152485242e-08,
      "24": 1.526601245392403e-08,
      "48": 3.4102973683016594e-09
    },
    "train_b2__eval_b2": {
      "6": 8.080763312580655e-07,
      "12": 1.5414250929587072e-07,
      "24": 5.079703749935036e-08,
      "48": 1.1369529236887343e-08
    }
  },
  "bank": {
    "1": {
      "6": 0.0002599194919249714,
      "12": 5.4882325393329476e-05,
      "24": 1.2391550875443523e-05,
      "48": 3.036203051300896e-06
    },
    "2": {
      "6": 5.514381286295064e-05,
      "12": 1.1484709681525669e-05,
      "24": 2.808512909958767e-06,
      "48": 6.733011258804703e-07
    },
    "4": {
      "6": 9.003217809707562e-06,
      "12": 1.7985306599142937e-06,
      "24": 4.825546095538955e-07,
      "48": 1.1223240052976713e-07
    },
    "8": {
      "6": 3.668404642457246e-07,
      "12": 6.855050955273614e-08,
      "24": 2.4202717071424062e-08,
      "48": 5.29368926535562e-09
    },
    "16": {
      "6": 1.9250572870627869e-07,
      "12": 5.802455910367764e-08,
      "24": 1.693068701400893e-08,
      "48": 4.034638495775271e-09
    },
    "32": {
      "6": 1.6089624512952952e-07,
      "12": 4.765309102232038e-08,
      "24": 1.4310832115295105e-08,
      "48": 3.369857327775199e-09
    },
    "64": {
      "6": 1.6086320725140413e-07,
      "12": 4.764193547965359e-08,
      "24": 1.4308052600168512e-08,
      "48": 3.3691497781895758e-09
    },
    "128": {
      "6": 1.6086320716863318e-07,
      "12": 4.764193545053824e-08,
      "24": 1.430805259335065e-08,
      "48": 3.3691497764291096e-09
    },
    "256": {
      "6": 1.6086320712216093e-07,
      "12": 4.7641935435188925e-08,
      "24": 1.4308052589525925e-08,
      "48": 3.3691497754546115e-09
    }
  },
  "seconds": 251.92471719998866
}