{
  "run_tag": "CONFIRMATORY",
  "probe": "maze",
  "regime": "control",
  "seed_pool": "HOLDOUT",
  "seed": 1001,
  "config": {
    "S": 6,
    "mults": [
      1,
      2,
      4,
      8
    ],
    "eps": 2.0,
    "hidden": 16,
    "steps": 250,
    "lr": 0.02,
    "n_train": 48,
    "n_test": 48,
    "k_grid": [
      1,
      2,
      4,
      8,
      16,
      32,
      64,
      128,
      256
    ],
    "b2_method": "jacobi",
    "match_target": "solve_adjoint"
  },
  "S": 6,
  "K_match": 7,
  "b2_method": "jacobi",
  "match_target": "solve_adjoint",
  "matched_compute": {
    "exact_solve_adjoint_flops": 5284.0,
    "b2_one_step_solve_adjoint_flops": 768
  },
  "eps": 2.0,
  "sizes": [
    6,
    12,
    24,
    48
  ],
  "k_grid": [
    1,
    2,
    4,
    8,
    16,
    32,
    64,
    128,
    256
  ],
  "exact": {
    "6": 6.965479641712256e-08,
    "12": 1.2206977498451381e-08,
    "24": 4.136849204365277e-09,
    "48": 1.5907860705489325e-09
  },
  "b2_matched": {
    "6": 7.058130681432235e-07,
    "12": 1.9316268582558834e-07,
    "24": 4.689622058860477e-08,
    "48": 1.1354098865840684e-08
  },
  "b1": {
    "6": 0.001646879576246078,
    "12": 0.00034560262083970926,
    "24": 8.420877422750522e-05,
    "48": 1.988834477820842e-05
  },
  "baseline": {
    "6": 0.001623730518440381,
    "12": 0.0004737569214408846,
    "24": 0.00025931002758349534,
    "48": 0.00020842598181581418
  },
  "swap": {
    "train_exact__eval_exact": {
      "6": 6.965479641712256e-08,
      "12": 1.2206977498451381e-08,
      "24": 4.136849204365277e-09,
      "48": 1.5907860705489325e-09
    },
    "train_exact__eval_b2": {
      "6": 7.327495299087909e-07,
      "12": 1.9374837771574164e-07,
      "24": 4.6919192821927764e-08,
      "48": 1.1696433009989273e-08
    },
    "train_b2__eval_exact": {
      "6": 8.915414848954812e-08,
      "12": 3.198466769106872e-08,
      "24": 8.966815333211926e-09,
      "48": 2.5216472296709134e-09
    },
    "train_b2__eval_b2": {
      "6": 7.058130681432235e-07,
      "12": 1.9316268582558834e-07,
      "24": 4.689622058860477e-08,
      "48": 1.1354098865840684e-08
    }
  },
  "bank": {
    "1": {
      "6": 0.0002510454211486177,
      "12": 5.4997401923018415e-05,
      "24": 1.2679212896617068e-05,
      "48": 3.1252607775826683e-06
    },
    "2": {
      "6": 5.141936871797297e-05,
      "12": 1.197867396817456e-05,
      "24": 2.87094077378963e-06,
      "48": 6.910688575285741e-07
    },
    "4": {
      "6": 8.174799724713332e-06,
      "12": 2.0688470126460586e-06,
      "24": 4.924668946916278e-07,
      "48": 1.1792977443615463e-07
    },
    "8": {
      "6": 3.2411963503070385e-07,
      "12": 8.919676667340696e-08,
      "24": 2.1887309371846738e-08,
      "48": 5.678375990080439e-09
    },
    "16": {
      "6": 6.998540492161802e-08,
      "12": 1.2318023616173645e-08,
      "24": 4.159841898403395e-09,
      "48": 1.5916420284843262e-09
    },
    "32": {
      "6": 6.965474903454742e-08,
      "12": 1.2206843804260198e-08,
      "24": 4.136828816399681e-09,
      "48": 1.5907689136201946e-09
    },
    "64": {
      "6": 6.965479641414445e-08,
      "12": 1.2206977497311909e-08,
      "24": 4.1368492039760496e-09,
      "48": 1.5907860703788722e-09
    },
    "128": {
      "6": 6.965479641712313e-08,
      "12": 1.2206977498451352e-08,
      "24": 4.136849204365251e-09,
      "48": 1.5907860705488973e-09
    },
    "256": {
      "6": 6.96547964171216e-08,
      "12": 1.2206977498451338e-08,
      "24": 4.136849204365289e-09,
      "48": 1.5907860705489329e-09
    }
  },
  "seconds": 249.3386479000328
}