{
  "run_tag": "CONFIRMATORY",
  "probe": "maze",
  "regime": "control",
  "seed_pool": "HOLDOUT",
  "seed": 1012,
  "config": {
    "S": 6,
    "mults": [
      1,
      2,
      4,
      8
    ],
    "eps": 2.0,
    "hidden": 16,
    "steps": 250,
    "lr": 0.02,
    "n_train": 48,
    "n_test": 48,
    "k_grid": [
      1,
      2,
      4,
      8,
      16,
      32,
      64,
      128,
      256
    ],
    "b2_method": "jacobi",
    "match_target": "solve_adjoint"
  },
  "S": 6,
  "K_match": 7,
  "b2_method": "jacobi",
  "match_target": "solve_adjoint",
  "matched_compute": {
    "exact_solve_adjoint_flops": 5284.0,
    "b2_one_step_solve_adjoint_flops": 768
  },
  "eps": 2.0,
  "sizes": [
    6,
    12,
    24,
    48
  ],
  "k_grid": [
    1,
    2,
    4,
    8,
    16,
    32,
    64,
    128,
    256
  ],
  "exact": {
    "6": 1.036265294572946e-07,
    "12": 2.057206277623875e-08,
    "24": 5.781587895376084e-09,
    "48": 1.7212658721087299e-09
  },
  "b2_matched": {
    "6": 7.351688570995527e-07,
    "12": 1.6002354384065396e-07,
    "24": 4.273381255346503e-08,
    "48": 1.27821268655644e-08
  },
  "b1": {
    "6": 0.0015441822957305595,
    "12": 0.0003680923802002488,
    "24": 8.284536127915333e-05,
    "48": 1.9098034867277118e-05
  },
  "baseline": {
    "6": 0.0014930914444355565,
    "12": 0.0004950736424054131,
    "24": 0.00025862858966088095,
    "48": 0.00020764494161914766
  },
  "swap": {
    "train_exact__eval_exact": {
      "6": 1.036265294572946e-07,
      "12": 2.057206277623875e-08,
      "24": 5.781587895376084e-09,
      "48": 1.7212658721087299e-09
    },
    "train_exact__eval_b2": {
      "6": 7.642252515784007e-07,
      "12": 1.650602102683024e-07,
      "24": 4.444594085004037e-08,
      "48": 1.333765069376391e-08
    },
    "train_b2__eval_exact": {
      "6": 1.2281550132416824e-07,
      "12": 3.007122744348063e-08,
      "24": 8.31308469908984e-09,
      "48": 2.524523232268589e-09
    },
    "train_b2__eval_b2": {
      "6": 7.351688570995527e-07,
      "12": 1.6002354384065396e-07,
      "24": 4.273381255346503e-08,
      "48": 1.27821268655644e-08
    }
  },
  "bank": {
    "1": {
      "6": 0.0002383458678941307,
      "12": 5.235603931885106e-05,
      "24": 1.2662384760749976e-05,
      "48": 3.220648584467782e-06
    },
    "2": {
      "6": 5.141067377699816e-05,
      "12": 1.1030859596552885e-05,
      "24": 2.761142353071178e-06,
      "48": 7.239892163913191e-07
    },
    "4": {
      "6": 8.187019563223596e-06,
      "12": 1.74255930415085e-06,
      "24": 4.5713681664230484e-07,
      "48": 1.266104266915186e-07
    },
    "8": {
      "6": 3.6149290115613017e-07,
      "12": 7.742157208253318e-08,
      "24": 2.1182834856200397e-08,
      "48": 6.382795143604785e-09
    },
    "16": {
      "6": 1.0411203353817959e-07,
      "12": 2.0662353893136223e-08,
      "24": 5.80160071916204e-09,
      "48": 1.7286330321010593e-09
    },
    "32": {
      "6": 1.0362675200299465e-07,
      "12": 2.057204712040589e-08,
      "24": 5.781582635544947e-09,
      "48": 1.7212647032935618e-09
    },
    "64": {
      "6": 1.0362652945780974e-07,
      "12": 2.0572062776021004e-08,
      "24": 5.78158789533813e-09,
      "48": 1.7212658721012515e-09
    },
    "128": {
      "6": 1.0362652945729787e-07,
      "12": 2.0572062776239208e-08,
      "24": 5.781587895376202e-09,
      "48": 1.7212658721088147e-09
    },
    "256": {
      "6": 1.0362652945729569e-07,
      "12": 2.0572062776238877e-08,
      "24": 5.781587895376055e-09,
      "48": 1.721265872108742e-09
    }
  },
  "seconds": 197.39099639991764
}