{
  "run_tag": "CONFIRMATORY",
  "probe": "maze",
  "regime": "control",
  "seed_pool": "HOLDOUT",
  "seed": 1003,
  "config": {
    "S": 6,
    "mults": [
      1,
      2,
      4,
      8
    ],
    "eps": 2.0,
    "hidden": 16,
    "steps": 250,
    "lr": 0.02,
    "n_train": 48,
    "n_test": 48,
    "k_grid": [
      1,
      2,
      4,
      8,
      16,
      32,
      64,
      128,
      256
    ],
    "b2_method": "jacobi",
    "match_target": "solve_adjoint"
  },
  "S": 6,
  "K_match": 7,
  "b2_method": "jacobi",
  "match_target": "solve_adjoint",
  "matched_compute": {
    "exact_solve_adjoint_flops": 5284.0,
    "b2_one_step_solve_adjoint_flops": 768
  },
  "eps": 2.0,
  "sizes": [
    6,
    12,
    24,
    48
  ],
  "k_grid": [
    1,
    2,
    4,
    8,
    16,
    32,
    64,
    128,
    256
  ],
  "exact": {
    "6": 3.2135285864927065e-08,
    "12": 9.945613994185373e-09,
    "24": 3.3504776893900544e-09,
    "48": 4.6528192227717724e-10
  },
  "b2_matched": {
    "6": 7.632625257477165e-07,
    "12": 1.7949459177241642e-07,
    "24": 4.795277917793325e-08,
    "48": 1.1206113766579206e-08
  },
  "b1": {
    "6": 0.0015374054304765057,
    "12": 0.00034808616666806086,
    "24": 7.782111117136655e-05,
    "48": 1.8730771094598928e-05
  },
  "baseline": {
    "6": 0.001498360963242131,
    "12": 0.00047610077054305625,
    "24": 0.0002530220644623766,
    "48": 0.00020725259132356764
  },
  "swap": {
    "train_exact__eval_exact": {
      "6": 3.2135285864927065e-08,
      "12": 9.945613994185373e-09,
      "24": 3.3504776893900544e-09,
      "48": 4.6528192227717724e-10
    },
    "train_exact__eval_b2": {
      "6": 7.905406157423397e-07,
      "12": 1.825253028732878e-07,
      "24": 5.036328178444063e-08,
      "48": 1.1737409491047528e-08
    },
    "train_b2__eval_exact": {
      "6": 5.4965191513366864e-08,
      "12": 2.1947970538646323e-08,
      "24": 5.577469821243524e-09,
      "48": 1.158047277648562e-09
    },
    "train_b2__eval_b2": {
      "6": 7.632625257477165e-07,
      "12": 1.7949459177241642e-07,
      "24": 4.795277917793325e-08,
      "48": 1.1206113766579206e-08
    }
  },
  "bank": {
    "1": {
      "6": 0.0002603612697371187,
      "12": 5.5681258521424514e-05,
      "24": 1.298896370965837e-05,
      "48": 3.1429659921942582e-06
    },
    "2": {
      "6": 5.548321115403028e-05,
      "12": 1.2083150417051552e-05,
      "24": 3.0230389045846973e-06,
      "48": 7.184101455205727e-07
    },
    "4": {
      "6": 9.003613961105878e-06,
      "12": 2.0088785146206873e-06,
      "24": 5.232972355607853e-07,
      "48": 1.234785831224024e-07
    },
    "8": {
      "6": 3.2770627687143004e-07,
      "12": 7.973475740430379e-08,
      "24": 2.221864839943971e-08,
      "48": 5.045645932403436e-09
    },
    "16": {
      "6": 3.2502394960744164e-08,
      "12": 1.0055825387299962e-08,
      "24": 3.3874245134380165e-09,
      "48": 4.753505534390649e-10
    },
    "32": {
      "6": 3.2135303715319725e-08,
      "12": 9.945607007201152e-09,
      "24": 3.350487607751016e-09,
      "48": 4.6528492701064765e-10
    },
    "64": {
      "6": 3.213528586526452e-08,
      "12": 9.945613994110841e-09,
      "24": 3.3504776894141035e-09,
      "48": 4.652819222973809e-10
    },
    "128": {
      "6": 3.2135285864926715e-08,
      "12": 9.945613994186333e-09,
      "24": 3.350477689389938e-09,
      "48": 4.6528192227716344e-10
    },
    "256": {
      "6": 3.213528586492601e-08,
      "12": 9.945613994188373e-09,
      "24": 3.350477689389534e-09,
      "48": 4.652819222771512e-10
    }
  },
  "seconds": 247.8017946999753
}