{
  "run_tag": "CONFIRMATORY",
  "probe": "maze",
  "regime": "control",
  "seed_pool": "HOLDOUT",
  "seed": 1005,
  "config": {
    "S": 6,
    "mults": [
      1,
      2,
      4,
      8
    ],
    "eps": 2.0,
    "hidden": 16,
    "steps": 250,
    "lr": 0.02,
    "n_train": 48,
    "n_test": 48,
    "k_grid": [
      1,
      2,
      4,
      8,
      16,
      32,
      64,
      128,
      256
    ],
    "b2_method": "jacobi",
    "match_target": "solve_adjoint"
  },
  "S": 6,
  "K_match": 7,
  "b2_method": "jacobi",
  "match_target": "solve_adjoint",
  "matched_compute": {
    "exact_solve_adjoint_flops": 5284.0,
    "b2_one_step_solve_adjoint_flops": 768
  },
  "eps": 2.0,
  "sizes": [
    6,
    12,
    24,
    48
  ],
  "k_grid": [
    1,
    2,
    4,
    8,
    16,
    32,
    64,
    128,
    256
  ],
  "exact": {
    "6": 5.959839784631941e-08,
    "12": 1.58882202195885e-08,
    "24": 4.355768207556827e-09,
    "48": 9.941692817124e-10
  },
  "b2_matched": {
    "6": 6.447426752688934e-07,
    "12": 1.7885399187450108e-07,
    "24": 4.092777881675831e-08,
    "48": 1.2302617564102747e-08
  },
  "b1": {
    "6": 0.00158853900213334,
    "12": 0.00034765586208242367,
    "24": 8.344059899300986e-05,
    "48": 1.8599919181226023e-05
  },
  "baseline": {
    "6": 0.001541429628644718,
    "12": 0.00047496307375741024,
    "24": 0.00025920308907664255,
    "48": 0.00020720580019024213
  },
  "swap": {
    "train_exact__eval_exact": {
      "6": 5.959839784631941e-08,
      "12": 1.58882202195885e-08,
      "24": 4.355768207556827e-09,
      "48": 9.941692817124e-10
    },
    "train_exact__eval_b2": {
      "6": 6.746224741507761e-07,
      "12": 1.9030704767025333e-07,
      "24": 4.299645000326913e-08,
      "48": 1.3723008070495937e-08
    },
    "train_b2__eval_exact": {
      "6": 7.244277015961621e-08,
      "12": 2.0453166988099298e-08,
      "24": 6.194754318670054e-09,
      "48": 1.0938666338590159e-09
    },
    "train_b2__eval_b2": {
      "6": 6.447426752688934e-07,
      "12": 1.7885399187450108e-07,
      "24": 4.092777881675831e-08,
      "48": 1.2302617564102747e-08
    }
  },
  "bank": {
    "1": {
      "6": 0.0002393705332512691,
      "12": 5.638757406605819e-05,
      "24": 1.3011701347386e-05,
      "48": 3.280127872879989e-06
    },
    "2": {
      "6": 5.008033121028864e-05,
      "12": 1.2370082654239398e-05,
      "24": 2.8347206366216824e-06,
      "48": 7.517419205353592e-07
    },
    "4": {
      "6": 7.801340259648559e-06,
      "12": 2.0387832284361017e-06,
      "24": 4.589653770463847e-07,
      "48": 1.3017678622342906e-07
    },
    "8": {
      "6": 2.9773766195074737e-07,
      "12": 8.223462713963287e-08,
      "24": 1.9327709723946483e-08,
      "48": 5.770235296456074e-09
    },
    "16": {
      "6": 5.99105259951948e-08,
      "12": 1.597746170466876e-08,
      "24": 4.374512690972529e-09,
      "48": 1.0065664578036249e-09
    },
    "32": {
      "6": 5.959841077872973e-08,
      "12": 1.588817813858095e-08,
      "24": 4.355752527399362e-09,
      "48": 9.941828276121698e-10
    },
    "64": {
      "6": 5.959839784606872e-08,
      "12": 1.5888220218893418e-08,
      "24": 4.355768207331862e-09,
      "48": 9.941692818450702e-10
    },
    "128": {
      "6": 5.95983978463175e-08,
      "12": 1.5888220219588256e-08,
      "24": 4.35576820755681e-09,
      "48": 9.941692817123395e-10
    },
    "256": {
      "6": 5.9598397846318435e-08,
      "12": 1.5888220219588676e-08,
      "24": 4.355768207556891e-09,
      "48": 9.941692817123735e-10
    }
  },
  "seconds": 246.37753980001435
}