{
  "run_tag": "CONFIRMATORY",
  "probe": "maze",
  "regime": "control",
  "seed_pool": "HOLDOUT",
  "seed": 1013,
  "config": {
    "S": 6,
    "mults": [
      1,
      2,
      4,
      8
    ],
    "eps": 2.0,
    "hidden": 16,
    "steps": 250,
    "lr": 0.02,
    "n_train": 48,
    "n_test": 48,
    "k_grid": [
      1,
      2,
      4,
      8,
      16,
      32,
      64,
      128,
      256
    ],
    "b2_method": "jacobi",
    "match_target": "solve_adjoint"
  },
  "S": 6,
  "K_match": 7,
  "b2_method": "jacobi",
  "match_target": "solve_adjoint",
  "matched_compute": {
    "exact_solve_adjoint_flops": 5284.0,
    "b2_one_step_solve_adjoint_flops": 768
  },
  "eps": 2.0,
  "sizes": [
    6,
    12,
    24,
    48
  ],
  "k_grid": [
    1,
    2,
    4,
    8,
    16,
    32,
    64,
    128,
    256
  ],
  "exact": {
    "6": 8.50712577792504e-08,
    "12": 1.5947264477966453e-08,
    "24": 3.743198603294644e-09,
    "48": 1.1189087075327372e-09
  },
  "b2_matched": {
    "6": 7.285683954734679e-07,
    "12": 1.8386228452619585e-07,
    "24": 4.4061310700397614e-08,
    "48": 9.692530613471284e-09
  },
  "b1": {
    "6": 0.0016769916223416546,
    "12": 0.00033668901344313114,
    "24": 8.299522155471881e-05,
    "48": 2.119733316994521e-05
  },
  "baseline": {
    "6": 0.0016392393888400982,
    "12": 0.00046579313244719876,
    "24": 0.0002590010659137867,
    "48": 0.0002097445350684531
  },
  "swap": {
    "train_exact__eval_exact": {
      "6": 8.50712577792504e-08,
      "12": 1.5947264477966453e-08,
      "24": 3.743198603294644e-09,
      "48": 1.1189087075327372e-09
    },
    "train_exact__eval_b2": {
      "6": 7.681280498852527e-07,
      "12": 1.9539828295630862e-07,
      "24": 4.609249740076112e-08,
      "48": 1.0436912159299221e-08
    },
    "train_b2__eval_exact": {
      "6": 1.0035161440278174e-07,
      "12": 2.2792572731028473e-08,
      "24": 6.9020968503560125e-09,
      "48": 1.4481366224131933e-09
    },
    "train_b2__eval_b2": {
      "6": 7.285683954734679e-07,
      "12": 1.8386228452619585e-07,
      "24": 4.4061310700397614e-08,
      "48": 9.692530613471284e-09
    }
  },
  "bank": {
    "1": {
      "6": 0.00023574629665129148,
      "12": 5.577911671849498e-05,
      "24": 1.2682541568714531e-05,
      "48": 3.02257681933659e-06
    },
    "2": {
      "6": 5.015016353649093e-05,
      "12": 1.1954891375897767e-05,
      "24": 2.776271059799274e-06,
      "48": 6.497591532772481e-07
    },
    "4": {
      "6": 8.089555789741963e-06,
      "12": 2.0102329145590278e-06,
      "24": 4.6923512782291743e-07,
      "48": 1.0636532404655057e-07
    },
    "8": {
      "6": 3.549270791301807e-07,
      "12": 8.632458525975417e-08,
      "24": 2.072763879069208e-08,
      "48": 4.6944205719794435e-09
    },
    "16": {
      "6": 8.547085386164622e-08,
      "12": 1.6059787779067054e-08,
      "24": 3.76574264313677e-09,
      "48": 1.1228683689111547e-09
    },
    "32": {
      "6": 8.507136774776167e-08,
      "12": 1.594730285451628e-08,
      "24": 3.743182573135742e-09,
      "48": 1.1189084130265788e-09
    },
    "64": {
      "6": 8.507125778666753e-08,
      "12": 1.5947264479628272e-08,
      "24": 3.7431986034444856e-09,
      "48": 1.118908707620982e-09
    },
    "128": {
      "6": 8.507125777924935e-08,
      "12": 1.5947264477966414e-08,
      "24": 3.743198603294596e-09,
      "48": 1.1189087075327172e-09
    },
    "256": {
      "6": 8.507125777925006e-08,
      "12": 1.594726447796669e-08,
      "24": 3.74319860329466e-09,
      "48": 1.118908707532714e-09
    }
  },
  "seconds": 198.20580470003188
}