{
  "run_tag": "CONFIRMATORY",
  "probe": "maze",
  "regime": "control",
  "seed_pool": "HOLDOUT",
  "seed": 1027,
  "config": {
    "S": 6,
    "mults": [
      1,
      2,
      4,
      8
    ],
    "eps": 2.0,
    "hidden": 16,
    "steps": 250,
    "lr": 0.02,
    "n_train": 48,
    "n_test": 48,
    "k_grid": [
      1,
      2,
      4,
      8,
      16,
      32,
      64,
      128,
      256
    ],
    "b2_method": "jacobi",
    "match_target": "solve_adjoint"
  },
  "S": 6,
  "K_match": 7,
  "b2_method": "jacobi",
  "match_target": "solve_adjoint",
  "matched_compute": {
    "exact_solve_adjoint_flops": 5284.0,
    "b2_one_step_solve_adjoint_flops": 768
  },
  "eps": 2.0,
  "sizes": [
    6,
    12,
    24,
    48
  ],
  "k_grid": [
    1,
    2,
    4,
    8,
    16,
    32,
    64,
    128,
    256
  ],
  "exact": {
    "6": 1.4004931300237377e-07,
    "12": 3.323561644815401e-08,
    "24": 5.1981143019413016e-09,
    "48": 7.827278315817097e-10
  },
  "b2_matched": {
    "6": 7.167910564659676e-07,
    "12": 2.4010633842995546e-07,
    "24": 3.945640459427507e-08,
    "48": 9.82330376775953e-09
  },
  "b1": {
    "6": 0.0017265919455997948,
    "12": 0.00032435682579988494,
    "24": 8.313326901536981e-05,
    "48": 2.0333008867633722e-05
  },
  "baseline": {
    "6": 0.001695150289515733,
    "12": 0.0004539574423314164,
    "24": 0.0002590293212185287,
    "48": 0.00020878238091594087
  },
  "swap": {
    "train_exact__eval_exact": {
      "6": 1.4004931300237377e-07,
      "12": 3.323561644815401e-08,
      "24": 5.1981143019413016e-09,
      "48": 7.827278315817097e-10
    },
    "train_exact__eval_b2": {
      "6": 7.332456903979161e-07,
      "12": 2.3279153804088777e-07,
      "24": 4.017655719677128e-08,
      "48": 1.0209711849583008e-08
    },
    "train_b2__eval_exact": {
      "6": 1.6764951658186604e-07,
      "12": 6.202386998475541e-08,
      "24": 7.985492255709218e-09,
      "48": 1.3923644813729143e-09
    },
    "train_b2__eval_b2": {
      "6": 7.167910564659676e-07,
      "12": 2.4010633842995546e-07,
      "24": 3.945640459427507e-08,
      "48": 9.82330376775953e-09
    }
  },
  "bank": {
    "1": {
      "6": 0.000234472093898269,
      "12": 5.746502927460643e-05,
      "24": 1.3090075380487027e-05,
      "48": 3.064062948514519e-06
    },
    "2": {
      "6": 4.766073042274666e-05,
      "12": 1.2990507923817186e-05,
      "24": 2.7474209297033145e-06,
      "48": 6.925062609715138e-07
    },
    "4": {
      "6": 7.503426016799501e-06,
      "12": 2.317474720552412e-06,
      "24": 4.372798945385631e-07,
      "48": 1.1451350779027585e-07
    },
    "8": {
      "6": 3.7979789065773926e-07,
      "12": 1.196259323114358e-07,
      "24": 1.9220396931897158e-08,
      "48": 4.568304249237331e-09
    },
    "16": {
      "6": 1.4029223486994455e-07,
      "12": 3.329596958111736e-08,
      "24": 5.213650948765457e-09,
      "48": 7.893769075534779e-10
    },
    "32": {
      "6": 1.400491117555916e-07,
      "12": 3.323535520188096e-08,
      "24": 5.198103812135887e-09,
      "48": 7.827287392689545e-10
    },
    "64": {
      "6": 1.4004931299880275e-07,
      "12": 3.323561644591223e-08,
      "24": 5.1981143018227815e-09,
      "48": 7.827278315713313e-10
    },
    "128": {
      "6": 1.4004931300237173e-07,
      "12": 3.32356164481537e-08,
      "24": 5.198114301941301e-09,
      "48": 7.82727831581704e-10
    },
    "256": {
      "6": 1.4004931300237088e-07,
      "12": 3.3235616448153245e-08,
      "24": 5.198114301941368e-09,
      "48": 7.827278315817183e-10
    }
  },
  "seconds": 240.12108540011104
}