{
  "run_tag": "CONFIRMATORY",
  "probe": "maze",
  "regime": "positive",
  "seed_pool": "HOLDOUT",
  "seed": 1003,
  "config": {
    "S": 6,
    "mults": [
      1,
      2,
      4,
      8
    ],
    "eps": 0.05,
    "hidden": 16,
    "steps": 250,
    "lr": 0.02,
    "n_train": 48,
    "n_test": 48,
    "k_grid": [
      1,
      2,
      4,
      8,
      16,
      32,
      64,
      128,
      256
    ],
    "b2_method": "jacobi",
    "match_target": "solve_adjoint"
  },
  "S": 6,
  "K_match": 7,
  "b2_method": "jacobi",
  "match_target": "solve_adjoint",
  "matched_compute": {
    "exact_solve_adjoint_flops": 5284.0,
    "b2_one_step_solve_adjoint_flops": 768
  },
  "eps": 0.05,
  "sizes": [
    6,
    12,
    24,
    48
  ],
  "k_grid": [
    1,
    2,
    4,
    8,
    16,
    32,
    64,
    128,
    256
  ],
  "exact": {
    "6": 1.9384262873569063e-06,
    "12": 5.079050143419667e-07,
    "24": 9.377737110058945e-08,
    "48": 1.9339472991763932e-08
  },
  "b2_matched": {
    "6": 0.17604151784860808,
    "12": 0.019131050822443867,
    "24": 0.0036916895282835963,
    "48": 0.0008063459069684103
  },
  "b1": {
    "6": 0.25951258085570644,
    "12": 0.022249548060261623,
    "24": 0.0033100847419645176,
    "48": 0.0005622665360187798
  },
  "baseline": {
    "6": 0.027010281504146107,
    "12": 0.1864483856184386,
    "24": 0.2751822406159952,
    "48": 0.299924917378392
  },
  "swap": {
    "train_exact__eval_exact": {
      "6": 1.9384262873569063e-06,
      "12": 5.079050143419667e-07,
      "24": 9.377737110058945e-08,
      "48": 1.9339472991763932e-08
    },
    "train_exact__eval_b2": {
      "6": 0.254080641670827,
      "12": 0.02186107870950249,
      "24": 0.003364338048590082,
      "48": 0.0005724702042602523
    },
    "train_b2__eval_exact": {
      "6": 0.08151075703273217,
      "12": 0.02180746681509427,
      "24": 0.0052027814423064,
      "48": 0.0012769768911710003
    },
    "train_b2__eval_b2": {
      "6": 0.17604151784860808,
      "12": 0.019131050822443867,
      "24": 0.0036916895282835963,
      "48": 0.0008063459069684103
    }
  },
  "bank": {
    "1": {
      "6": 0.2987721584071359,
      "12": 0.02834970954335,
      "24": 0.004631696822511639,
      "48": 0.0008489705414481956
    },
    "2": {
      "6": 0.2566315187172672,
      "12": 0.025434683893336488,
      "24": 0.004417606133156182,
      "48": 0.0008619521356135649
    },
    "4": {
      "6": 0.21543045180807566,
      "12": 0.022485830816831205,
      "24": 0.004158255065246696,
      "48": 0.0008680972561597405
    },
    "8": {
      "6": 0.16415364612618755,
      "12": 0.01805413171320175,
      "24": 0.0035197901016068922,
      "48": 0.0007772833687682988
    },
    "16": {
      "6": 0.10728991420542633,
      "12": 0.012381347494837033,
      "24": 0.0023910414808812263,
      "48": 0.0005339502035794049
    },
    "32": {
      "6": 0.05340663007542546,
      "12": 0.006984571208399377,
      "24": 0.0012681645901549423,
      "48": 0.000278535988078367
    },
    "64": {
      "6": 0.017966631519541074,
      "12": 0.002840332093186845,
      "24": 0.00048012527124823495,
      "48": 0.00010445970286265124
    },
    "128": {
      "6": 0.00331539611691789,
      "12": 0.0005946335140313909,
      "24": 9.136159723459939e-05,
      "48": 1.9398824760055312e-05
    },
    "256": {
      "6": 0.00015538774553576482,
      "12": 2.662183094891717e-05,
      "24": 3.766259972216181e-06,
      "48": 7.901616483361809e-07
    }
  },
  "seconds": 258.2584776999429
}