{
  "run_tag": "CONFIRMATORY",
  "probe": "maze",
  "regime": "positive",
  "seed_pool": "HOLDOUT",
  "seed": 1013,
  "config": {
    "S": 6,
    "mults": [
      1,
      2,
      4,
      8
    ],
    "eps": 0.05,
    "hidden": 16,
    "steps": 250,
    "lr": 0.02,
    "n_train": 48,
    "n_test": 48,
    "k_grid": [
      1,
      2,
      4,
      8,
      16,
      32,
      64,
      128,
      256
    ],
    "b2_method": "jacobi",
    "match_target": "solve_adjoint"
  },
  "S": 6,
  "K_match": 7,
  "b2_method": "jacobi",
  "match_target": "solve_adjoint",
  "matched_compute": {
    "exact_solve_adjoint_flops": 5284.0,
    "b2_one_step_solve_adjoint_flops": 768
  },
  "eps": 0.05,
  "sizes": [
    6,
    12,
    24,
    48
  ],
  "k_grid": [
    1,
    2,
    4,
    8,
    16,
    32,
    64,
    128,
    256
  ],
  "exact": {
    "6": 7.170779273017634e-06,
    "12": 1.526098745141012e-06,
    "24": 3.93868038766936e-07,
    "48": 9.785479095669244e-08
  },
  "b2_matched": {
    "6": 0.1771540244219759,
    "12": 0.018665951207600413,
    "24": 0.0034469529373726496,
    "48": 0.0007584127776834261
  },
  "b1": {
    "6": 0.2599075585613457,
    "12": 0.021653501018794548,
    "24": 0.0032204441809382,
    "48": 0.000612651260303626
  },
  "baseline": {
    "6": 0.026793120457986156,
    "12": 0.18552850664432846,
    "24": 0.27510463703285326,
    "48": 0.30000707375597074
  },
  "swap": {
    "train_exact__eval_exact": {
      "6": 7.170779273017634e-06,
      "12": 1.526098745141012e-06,
      "24": 3.93868038766936e-07,
      "48": 9.785479095669244e-08
    },
    "train_exact__eval_b2": {
      "6": 0.25159421489127415,
      "12": 0.02141036875372165,
      "24": 0.003121798878982844,
      "48": 0.0005989761882370938
    },
    "train_b2__eval_exact": {
      "6": 0.0861796692902465,
      "12": 0.020852877426174938,
      "24": 0.005010388808220555,
      "48": 0.001210477166833949
    },
    "train_b2__eval_b2": {
      "6": 0.1771540244219759,
      "12": 0.018665951207600413,
      "24": 0.0034469529373726496,
      "48": 0.0007584127776834261
    }
  },
  "bank": {
    "1": {
      "6": 0.2967131795235241,
      "12": 0.027681398794677563,
      "24": 0.004430106021114185,
      "48": 0.0008922739882043086
    },
    "2": {
      "6": 0.2557121622363919,
      "12": 0.02485294590147639,
      "24": 0.0041737110438697395,
      "48": 0.0008721267658553625
    },
    "4": {
      "6": 0.21557294356679024,
      "12": 0.02200296167444872,
      "24": 0.0039056653298946784,
      "48": 0.0008456599068649455
    },
    "8": {
      "6": 0.16558234284134027,
      "12": 0.017585492041592404,
      "24": 0.003275562227827191,
      "48": 0.0007224881201904135
    },
    "16": {
      "6": 0.10970955955278762,
      "12": 0.011891948386423766,
      "24": 0.0021721106240801457,
      "48": 0.00046653646545662917
    },
    "32": {
      "6": 0.05526639891169208,
      "12": 0.006693048847947946,
      "24": 0.001178860809870826,
      "48": 0.0002469186891415134
    },
    "64": {
      "6": 0.018910435276385477,
      "12": 0.002667326347288728,
      "24": 0.0004337609348889157,
      "48": 8.876051489710236e-05
    },
    "128": {
      "6": 0.0036657890290414745,
      "12": 0.0005405317005357782,
      "24": 7.381641017100416e-05,
      "48": 1.3868304009362733e-05
    },
    "256": {
      "6": 0.00019373501254756255,
      "12": 2.664944304714188e-05,
      "24": 3.237971961301771e-06,
      "48": 6.126181875232134e-07
    }
  },
  "seconds": 269.4792457999429
}