{
  "run_tag": "CONFIRMATORY",
  "probe": "maze",
  "regime": "positive",
  "seed_pool": "HOLDOUT",
  "seed": 1007,
  "config": {
    "S": 6,
    "mults": [
      1,
      2,
      4,
      8
    ],
    "eps": 0.05,
    "hidden": 16,
    "steps": 250,
    "lr": 0.02,
    "n_train": 48,
    "n_test": 48,
    "k_grid": [
      1,
      2,
      4,
      8,
      16,
      32,
      64,
      128,
      256
    ],
    "b2_method": "jacobi",
    "match_target": "solve_adjoint"
  },
  "S": 6,
  "K_match": 7,
  "b2_method": "jacobi",
  "match_target": "solve_adjoint",
  "matched_compute": {
    "exact_solve_adjoint_flops": 5284.0,
    "b2_one_step_solve_adjoint_flops": 768
  },
  "eps": 0.05,
  "sizes": [
    6,
    12,
    24,
    48
  ],
  "k_grid": [
    1,
    2,
    4,
    8,
    16,
    32,
    64,
    128,
    256
  ],
  "exact": {
    "6": 8.280602606851936e-06,
    "12": 2.1793185249897935e-06,
    "24": 4.7420698583895726e-07,
    "48": 1.5065755372711322e-07
  },
  "b2_matched": {
    "6": 0.1762899570171708,
    "12": 0.019108975002011364,
    "24": 0.0037384282298857725,
    "48": 0.000858279087787449
  },
  "b1": {
    "6": 0.2591780709727608,
    "12": 0.020965342053055707,
    "24": 0.0034812087836060706,
    "48": 0.0006181286531880321
  },
  "baseline": {
    "6": 0.026664328822787256,
    "12": 0.1840456580720971,
    "24": 0.27550682375486885,
    "48": 0.3000034208722268
  },
  "swap": {
    "train_exact__eval_exact": {
      "6": 8.280602606851936e-06,
      "12": 2.1793185249897935e-06,
      "24": 4.7420698583895726e-07,
      "48": 1.5065755372711322e-07
    },
    "train_exact__eval_b2": {
      "6": 0.2517143160675336,
      "12": 0.020759228030626204,
      "24": 0.0034439317218555596,
      "48": 0.0006140982740044392
    },
    "train_b2__eval_exact": {
      "6": 0.08270952347276887,
      "12": 0.02085369491496165,
      "24": 0.005632717773977375,
      "48": 0.0013375168428711797
    },
    "train_b2__eval_b2": {
      "6": 0.1762899570171708,
      "12": 0.019108975002011364,
      "24": 0.0037384282298857725,
      "48": 0.000858279087787449
    }
  },
  "bank": {
    "1": {
      "6": 0.29749427258713346,
      "12": 0.026802184788340563,
      "24": 0.004824511417773437,
      "48": 0.0009086993679964241
    },
    "2": {
      "6": 0.2562661550960832,
      "12": 0.024789646789660332,
      "24": 0.004518662498102659,
      "48": 0.0009163027543141626
    },
    "4": {
      "6": 0.2158655903574036,
      "12": 0.02249820640814975,
      "24": 0.00425104282383126,
      "48": 0.0009407172296316495
    },
    "8": {
      "6": 0.16438393065706727,
      "12": 0.017996395044965564,
      "24": 0.003557200114245469,
      "48": 0.0008220614469730984
    },
    "16": {
      "6": 0.10755419675465534,
      "12": 0.01174394995756893,
      "24": 0.0023918750733710275,
      "48": 0.0005367663961566256
    },
    "32": {
      "6": 0.053851105148497766,
      "12": 0.006208511642228117,
      "24": 0.0012824502474905386,
      "48": 0.00027248175422891455
    },
    "64": {
      "6": 0.01826927494690989,
      "12": 0.002418380056445953,
      "24": 0.0004914349534624249,
      "48": 0.00010141960114401449
    },
    "128": {
      "6": 0.003434219030839531,
      "12": 0.0005039858842723154,
      "24": 9.576072778134683e-05,
      "48": 1.9665441731361598e-05
    },
    "256": {
      "6": 0.000171468991091831,
      "12": 2.5142139821265362e-05,
      "24": 3.944592989100288e-06,
      "48": 8.774423284528855e-07
    }
  },
  "seconds": 223.74786300002597
}