{
  "run_tag": "CONFIRMATORY",
  "probe": "maze",
  "regime": "positive",
  "seed_pool": "HOLDOUT",
  "seed": 1009,
  "config": {
    "S": 6,
    "mults": [
      1,
      2,
      4,
      8
    ],
    "eps": 0.05,
    "hidden": 16,
    "steps": 250,
    "lr": 0.02,
    "n_train": 48,
    "n_test": 48,
    "k_grid": [
      1,
      2,
      4,
      8,
      16,
      32,
      64,
      128,
      256
    ],
    "b2_method": "jacobi",
    "match_target": "solve_adjoint"
  },
  "S": 6,
  "K_match": 7,
  "b2_method": "jacobi",
  "match_target": "solve_adjoint",
  "matched_compute": {
    "exact_solve_adjoint_flops": 5284.0,
    "b2_one_step_solve_adjoint_flops": 768
  },
  "eps": 0.05,
  "sizes": [
    6,
    12,
    24,
    48
  ],
  "k_grid": [
    1,
    2,
    4,
    8,
    16,
    32,
    64,
    128,
    256
  ],
  "exact": {
    "6": 2.6923939143075903e-06,
    "12": 6.393338959992402e-07,
    "24": 1.5282566361115853e-07,
    "48": 3.029688940527952e-08
  },
  "b2_matched": {
    "6": 0.17582331465762766,
    "12": 0.01908712423655474,
    "24": 0.00366361802098791,
    "48": 0.0008867854585203977
  },
  "b1": {
    "6": 0.25899644075666745,
    "12": 0.021827325020375297,
    "24": 0.003029120212394445,
    "48": 0.0006280822664500933
  },
  "baseline": {
    "6": 0.025206895079440298,
    "12": 0.18579685909151775,
    "24": 0.2747797373579529,
    "48": 0.3000029628232563
  },
  "swap": {
    "train_exact__eval_exact": {
      "6": 2.6923939143075903e-06,
      "12": 6.393338959992402e-07,
      "24": 1.5282566361115853e-07,
      "48": 3.029688940527952e-08
    },
    "train_exact__eval_b2": {
      "6": 0.25434219347633813,
      "12": 0.021559437934082833,
      "24": 0.003047001349778092,
      "48": 0.0006356014759231205
    },
    "train_b2__eval_exact": {
      "6": 0.08464772095656731,
      "12": 0.022342041865826417,
      "24": 0.005395238108559353,
      "48": 0.001351101413523691
    },
    "train_b2__eval_b2": {
      "6": 0.17582331465762766,
      "12": 0.01908712423655474,
      "24": 0.00366361802098791,
      "48": 0.0008867854585203977
    }
  },
  "bank": {
    "1": {
      "6": 0.2988380383534375,
      "12": 0.02795398150433491,
      "24": 0.004271770225441148,
      "48": 0.0009192916363782275
    },
    "2": {
      "6": 0.25749404279702837,
      "12": 0.0252863015273388,
      "24": 0.0042402727634164306,
      "48": 0.0009569981712845682
    },
    "4": {
      "6": 0.21584144364598912,
      "12": 0.022472921297011922,
      "24": 0.004119768281905768,
      "48": 0.0009736659822374634
    },
    "8": {
      "6": 0.16379043638268348,
      "12": 0.017979545119484904,
      "24": 0.0034764428967819527,
      "48": 0.0008451727360465957
    },
    "16": {
      "6": 0.10642676130042865,
      "12": 0.012160790259591903,
      "24": 0.0022996948462257224,
      "48": 0.0005560474738226487
    },
    "32": {
      "6": 0.05267164583720847,
      "12": 0.0067364472551649695,
      "24": 0.0012009792334995084,
      "48": 0.0002832981664969953
    },
    "64": {
      "6": 0.017756456033369332,
      "12": 0.0026961961892285192,
      "24": 0.00045634983396969445,
      "48": 0.00010452570085362254
    },
    "128": {
      "6": 0.003316137797741169,
      "12": 0.0005525911720934726,
      "24": 9.03076485838559e-05,
      "48": 1.966642896831218e-05
    },
    "256": {
      "6": 0.00015548239180990565,
      "12": 2.270736533608801e-05,
      "24": 3.3139147627586282e-06,
      "48": 6.204700553240205e-07
    }
  },
  "seconds": 225.43122370005585
}