{
  "run_tag": "CONFIRMATORY",
  "probe": "maze",
  "regime": "positive",
  "seed_pool": "HOLDOUT",
  "seed": 1019,
  "config": {
    "S": 6,
    "mults": [
      1,
      2,
      4,
      8
    ],
    "eps": 0.05,
    "hidden": 16,
    "steps": 250,
    "lr": 0.02,
    "n_train": 48,
    "n_test": 48,
    "k_grid": [
      1,
      2,
      4,
      8,
      16,
      32,
      64,
      128,
      256
    ],
    "b2_method": "jacobi",
    "match_target": "solve_adjoint"
  },
  "S": 6,
  "K_match": 7,
  "b2_method": "jacobi",
  "match_target": "solve_adjoint",
  "matched_compute": {
    "exact_solve_adjoint_flops": 5284.0,
    "b2_one_step_solve_adjoint_flops": 768
  },
  "eps": 0.05,
  "sizes": [
    6,
    12,
    24,
    48
  ],
  "k_grid": [
    1,
    2,
    4,
    8,
    16,
    32,
    64,
    128,
    256
  ],
  "exact": {
    "6": 0.00012004289523892192,
    "12": 4.961591431233346e-05,
    "24": 1.0449451520952242e-05,
    "48": 3.097348883574792e-06
  },
  "b2_matched": {
    "6": 0.1718853659878968,
    "12": 0.018852732231823998,
    "24": 0.0037574047998249825,
    "48": 0.0008777950446871979
  },
  "b1": {
    "6": 0.2610085683060505,
    "12": 0.022577957889535753,
    "24": 0.0028540127591590273,
    "48": 0.0005521228667071794
  },
  "baseline": {
    "6": 0.028252427390798827,
    "12": 0.18707174881124403,
    "24": 0.27458513313468424,
    "48": 0.2999085148945063
  },
  "swap": {
    "train_exact__eval_exact": {
      "6": 0.00012004289523892192,
      "12": 4.961591431233346e-05,
      "24": 1.0449451520952242e-05,
      "48": 3.097348883574792e-06
    },
    "train_exact__eval_b2": {
      "6": 0.24888449978563199,
      "12": 0.021695829310633897,
      "24": 0.002930719603608951,
      "48": 0.0005730723124969305
    },
    "train_b2__eval_exact": {
      "6": 0.07520604388442195,
      "12": 0.022577543655952773,
      "24": 0.005762810241261015,
      "48": 0.00139424479294783
    },
    "train_b2__eval_b2": {
      "6": 0.1718853659878968,
      "12": 0.018852732231823998,
      "24": 0.0037574047998249825,
      "48": 0.0008777950446871979
    }
  },
  "bank": {
    "1": {
      "6": 0.2982927347011164,
      "12": 0.028564153525079912,
      "24": 0.004137962687294684,
      "48": 0.0008453334478289257
    },
    "2": {
      "6": 0.25578169715850035,
      "12": 0.025580042626102806,
      "24": 0.004147124154890904,
      "48": 0.000903773821654832
    },
    "4": {
      "6": 0.2126134220273478,
      "12": 0.022481453061100342,
      "24": 0.004150514288780162,
      "48": 0.0009515033719301314
    },
    "8": {
      "6": 0.1597895642614001,
      "12": 0.017700499295969282,
      "24": 0.003585746081964249,
      "48": 0.0008400492747616344
    },
    "16": {
      "6": 0.1027914396512205,
      "12": 0.01182817396507867,
      "24": 0.0023746544634386884,
      "48": 0.0005464997055205588
    },
    "32": {
      "6": 0.05017585345579962,
      "12": 0.006510252857295027,
      "24": 0.001204385618225298,
      "48": 0.0002677516264155451
    },
    "64": {
      "6": 0.01650498225524706,
      "12": 0.0025714568413916527,
      "24": 0.00043853645242105744,
      "48": 9.449546588802703e-05
    },
    "128": {
      "6": 0.0030069821085354827,
      "12": 0.0004967817010589652,
      "24": 6.893273420258719e-05,
      "48": 1.400652810649471e-05
    },
    "256": {
      "6": 0.00023026308499733784,
      "12": 5.915597372172414e-05,
      "24": 9.500022611025052e-06,
      "48": 2.655454541451948e-06
    }
  },
  "seconds": 185.9066318999976
}