{
  "run_tag": "CONFIRMATORY",
  "probe": "maze",
  "regime": "positive",
  "seed_pool": "HOLDOUT",
  "seed": 1027,
  "config": {
    "S": 6,
    "mults": [
      1,
      2,
      4,
      8
    ],
    "eps": 0.05,
    "hidden": 16,
    "steps": 250,
    "lr": 0.02,
    "n_train": 48,
    "n_test": 48,
    "k_grid": [
      1,
      2,
      4,
      8,
      16,
      32,
      64,
      128,
      256
    ],
    "b2_method": "jacobi",
    "match_target": "solve_adjoint"
  },
  "S": 6,
  "K_match": 7,
  "b2_method": "jacobi",
  "match_target": "solve_adjoint",
  "matched_compute": {
    "exact_solve_adjoint_flops": 5284.0,
    "b2_one_step_solve_adjoint_flops": 768
  },
  "eps": 0.05,
  "sizes": [
    6,
    12,
    24,
    48
  ],
  "k_grid": [
    1,
    2,
    4,
    8,
    16,
    32,
    64,
    128,
    256
  ],
  "exact": {
    "6": 7.60832093214804e-05,
    "12": 1.053793338711358e-05,
    "24": 2.736922900938327e-06,
    "48": 6.658902013277478e-07
  },
  "b2_matched": {
    "6": 0.17348720107362167,
    "12": 0.019496644467446065,
    "24": 0.0035411845715393186,
    "48": 0.0008180282536757485
  },
  "b1": {
    "6": 0.26240259950629025,
    "12": 0.021672863277926942,
    "24": 0.0035557955090653394,
    "48": 0.0006040391410970342
  },
  "baseline": {
    "6": 0.031007272810097186,
    "12": 0.1856052332405627,
    "24": 0.27557604327147917,
    "48": 0.29999257877205693
  },
  "swap": {
    "train_exact__eval_exact": {
      "6": 7.60832093214804e-05,
      "12": 1.053793338711358e-05,
      "24": 2.736922900938327e-06,
      "48": 6.658902013277478e-07
    },
    "train_exact__eval_b2": {
      "6": 0.24663934359294928,
      "12": 0.021654462500470234,
      "24": 0.003497828326182825,
      "48": 0.0006083511772157457
    },
    "train_b2__eval_exact": {
      "6": 0.07842092108209663,
      "12": 0.0228522445107007,
      "24": 0.005012543973910529,
      "48": 0.0013221521677012889
    },
    "train_b2__eval_b2": {
      "6": 0.17348720107362167,
      "12": 0.019496644467446065,
      "24": 0.0035411845715393186,
      "48": 0.0008180282536757485
    }
  },
  "bank": {
    "1": {
      "6": 0.29719724799958447,
      "12": 0.02795095888336103,
      "24": 0.0048972271272427126,
      "48": 0.0009053167345069215
    },
    "2": {
      "6": 0.25484071294533167,
      "12": 0.02533861654145548,
      "24": 0.004537683136958722,
      "48": 0.0009173987195701624
    },
    "4": {
      "6": 0.21345375812268916,
      "12": 0.02273495241691264,
      "24": 0.004140762708153715,
      "48": 0.0009093659042370889
    },
    "8": {
      "6": 0.16149809331145198,
      "12": 0.018429359546105636,
      "24": 0.0033381618881084293,
      "48": 0.0007802233176516528
    },
    "16": {
      "6": 0.10470055488805352,
      "12": 0.012572895464056214,
      "24": 0.002158222095591174,
      "48": 0.0005126703122002862
    },
    "32": {
      "6": 0.051866790217867116,
      "12": 0.007003700375951618,
      "24": 0.00112278853154619,
      "48": 0.0002635692602680963
    },
    "64": {
      "6": 0.017249886019159933,
      "12": 0.0028023387070218475,
      "24": 0.00041538677745841705,
      "48": 9.683193427121472e-05
    },
    "128": {
      "6": 0.003152746957660943,
      "12": 0.0005698319195335106,
      "24": 7.311846383313234e-05,
      "48": 1.6319763093435647e-05
    },
    "256": {
      "6": 0.00020855692374779192,
      "12": 3.187506290563171e-05,
      "24": 4.449722166772906e-06,
      "48": 8.879635636261893e-07
    }
  },
  "seconds": 307.33079080004245
}