{
  "run_tag": "CONFIRMATORY",
  "probe": "maze",
  "regime": "positive",
  "seed_pool": "HOLDOUT",
  "seed": 1006,
  "config": {
    "S": 6,
    "mults": [
      1,
      2,
      4,
      8
    ],
    "eps": 0.05,
    "hidden": 16,
    "steps": 250,
    "lr": 0.02,
    "n_train": 48,
    "n_test": 48,
    "k_grid": [
      1,
      2,
      4,
      8,
      16,
      32,
      64,
      128,
      256
    ],
    "b2_method": "jacobi",
    "match_target": "solve_adjoint"
  },
  "S": 6,
  "K_match": 7,
  "b2_method": "jacobi",
  "match_target": "solve_adjoint",
  "matched_compute": {
    "exact_solve_adjoint_flops": 5284.0,
    "b2_one_step_solve_adjoint_flops": 768
  },
  "eps": 0.05,
  "sizes": [
    6,
    12,
    24,
    48
  ],
  "k_grid": [
    1,
    2,
    4,
    8,
    16,
    32,
    64,
    128,
    256
  ],
  "exact": {
    "6": 0.0002265019782929081,
    "12": 8.867948823359447e-05,
    "24": 2.1285588703740047e-05,
    "48": 5.758898038326574e-06
  },
  "b2_matched": {
    "6": 0.1758013274593692,
    "12": 0.019206518141594228,
    "24": 0.0037898267600370633,
    "48": 0.0008727255141908762
  },
  "b1": {
    "6": 0.2596195023396358,
    "12": 0.022374866980510562,
    "24": 0.0031542446946430996,
    "48": 0.0005863597255818372
  },
  "baseline": {
    "6": 0.02802535910796269,
    "12": 0.18662704292466822,
    "24": 0.27496437296490617,
    "48": 0.29996055004022976
  },
  "swap": {
    "train_exact__eval_exact": {
      "6": 0.0002265019782929081,
      "12": 8.867948823359447e-05,
      "24": 2.1285588703740047e-05,
      "48": 5.758898038326574e-06
    },
    "train_exact__eval_b2": {
      "6": 0.24897396916352163,
      "12": 0.02216325681759934,
      "24": 0.0032788336151249537,
      "48": 0.0006115847559257534
    },
    "train_b2__eval_exact": {
      "6": 0.08335483266597098,
      "12": 0.02273898087820969,
      "24": 0.005571598694536761,
      "48": 0.0013921347029474313
    },
    "train_b2__eval_b2": {
      "6": 0.1758013274593692,
      "12": 0.019206518141594228,
      "24": 0.0037898267600370633,
      "48": 0.0008727255141908762
    }
  },
  "bank": {
    "1": {
      "6": 0.29835185704415335,
      "12": 0.028601744399566427,
      "24": 0.004449680030340645,
      "48": 0.0008775218298172837
    },
    "2": {
      "6": 0.25555177406477586,
      "12": 0.025925490638221367,
      "24": 0.004443219839967057,
      "48": 0.0009355930635443156
    },
    "4": {
      "6": 0.21443125722682724,
      "12": 0.022861982272121835,
      "24": 0.004289462931465498,
      "48": 0.0009547110508887265
    },
    "8": {
      "6": 0.16412531443711234,
      "12": 0.018027088409742736,
      "24": 0.003589164974426186,
      "48": 0.0008309517417025471
    },
    "16": {
      "6": 0.10840298206302888,
      "12": 0.011919347815705306,
      "24": 0.0022927882204889,
      "48": 0.0005282503879933343
    },
    "32": {
      "6": 0.054525213428377635,
      "12": 0.006511104005490692,
      "24": 0.001126276585006853,
      "48": 0.00025038023042841536
    },
    "64": {
      "6": 0.018478261751188312,
      "12": 0.0025787399094264253,
      "24": 0.0004054504247249194,
      "48": 8.559906103083924e-05
    },
    "128": {
      "6": 0.0035004520664352755,
      "12": 0.0005103638218417728,
      "24": 6.759948432825006e-05,
      "48": 1.2428035636601158e-05
    },
    "256": {
      "6": 0.00035075344013326255,
      "12": 8.975748379357064e-05,
      "24": 1.805908838292682e-05,
      "48": 4.585525164250032e-06
    }
  },
  "seconds": 221.22454229998402
}