{
  "run_tag": "CONFIRMATORY",
  "probe": "maze",
  "regime": "positive",
  "seed_pool": "HOLDOUT",
  "seed": 1010,
  "config": {
    "S": 6,
    "mults": [
      1,
      2,
      4,
      8
    ],
    "eps": 0.05,
    "hidden": 16,
    "steps": 250,
    "lr": 0.02,
    "n_train": 48,
    "n_test": 48,
    "k_grid": [
      1,
      2,
      4,
      8,
      16,
      32,
      64,
      128,
      256
    ],
    "b2_method": "jacobi",
    "match_target": "solve_adjoint"
  },
  "S": 6,
  "K_match": 7,
  "b2_method": "jacobi",
  "match_target": "solve_adjoint",
  "matched_compute": {
    "exact_solve_adjoint_flops": 5284.0,
    "b2_one_step_solve_adjoint_flops": 768
  },
  "eps": 0.05,
  "sizes": [
    6,
    12,
    24,
    48
  ],
  "k_grid": [
    1,
    2,
    4,
    8,
    16,
    32,
    64,
    128,
    256
  ],
  "exact": {
    "6": 0.00010643624375778363,
    "12": 3.821941336484389e-05,
    "24": 9.027294010207988e-06,
    "48": 2.799314255783912e-06
  },
  "b2_matched": {
    "6": 0.17515217530827243,
    "12": 0.018846258273762184,
    "24": 0.0036503888613149266,
    "48": 0.0008407754239124877
  },
  "b1": {
    "6": 0.2594100813322692,
    "12": 0.022702013710741906,
    "24": 0.0033444422635316522,
    "48": 0.0005819513816240575
  },
  "baseline": {
    "6": 0.02675821089790731,
    "12": 0.18700998916603456,
    "24": 0.2752813690708329,
    "48": 0.29994286413615423
  },
  "swap": {
    "train_exact__eval_exact": {
      "6": 0.00010643624375778363,
      "12": 3.821941336484389e-05,
      "24": 9.027294010207988e-06,
      "48": 2.799314255783912e-06
    },
    "train_exact__eval_b2": {
      "6": 0.24958481812165972,
      "12": 0.02199447947497044,
      "24": 0.003250465575232669,
      "48": 0.0005814424987195212
    },
    "train_b2__eval_exact": {
      "6": 0.08330776789685436,
      "12": 0.022160602370193353,
      "24": 0.00541142431604514,
      "48": 0.0013087161615933155
    },
    "train_b2__eval_b2": {
      "6": 0.17515217530827243,
      "12": 0.018846258273762184,
      "24": 0.0036503888613149266,
      "48": 0.0008407754239124877
    }
  },
  "bank": {
    "1": {
      "6": 0.2973924346857327,
      "12": 0.028643868862964536,
      "24": 0.0045806143497615975,
      "48": 0.0008511689549629409
    },
    "2": {
      "6": 0.25488213845896096,
      "12": 0.025591423838659685,
      "24": 0.004363903509171946,
      "48": 0.0008792886473304908
    },
    "4": {
      "6": 0.21431499530052317,
      "12": 0.022405689317878095,
      "24": 0.004102742660659293,
      "48": 0.0008990366452001899
    },
    "8": {
      "6": 0.1634500255463728,
      "12": 0.017555055620658202,
      "24": 0.0034267896088825086,
      "48": 0.0007954891111561094
    },
    "16": {
      "6": 0.10703043774331737,
      "12": 0.011484376284651876,
      "24": 0.002250121331676773,
      "48": 0.0005153471875688426
    },
    "32": {
      "6": 0.05347182042290237,
      "12": 0.006378442422063963,
      "24": 0.0012005511617062742,
      "48": 0.0002616488678227832
    },
    "64": {
      "6": 0.01811109871120768,
      "12": 0.0025816626585230236,
      "24": 0.00045351366014815555,
      "48": 9.508907941919631e-05
    },
    "128": {
      "6": 0.0034011795219293837,
      "12": 0.0005076457372931874,
      "24": 7.761422001226437e-05,
      "48": 1.5502783658786045e-05
    },
    "256": {
      "6": 0.00024127725729479975,
      "12": 5.007171544369157e-05,
      "24": 9.566078070755201e-06,
      "48": 2.7222235544237694e-06
    }
  },
  "seconds": 221.6791747000534
}