{
  "run_tag": "CONFIRMATORY",
  "probe": "maze",
  "regime": "positive",
  "seed_pool": "HOLDOUT",
  "seed": 1011,
  "config": {
    "S": 6,
    "mults": [
      1,
      2,
      4,
      8
    ],
    "eps": 0.05,
    "hidden": 16,
    "steps": 250,
    "lr": 0.02,
    "n_train": 48,
    "n_test": 48,
    "k_grid": [
      1,
      2,
      4,
      8,
      16,
      32,
      64,
      128,
      256
    ],
    "b2_method": "jacobi",
    "match_target": "solve_adjoint"
  },
  "S": 6,
  "K_match": 7,
  "b2_method": "jacobi",
  "match_target": "solve_adjoint",
  "matched_compute": {
    "exact_solve_adjoint_flops": 5284.0,
    "b2_one_step_solve_adjoint_flops": 768
  },
  "eps": 0.05,
  "sizes": [
    6,
    12,
    24,
    48
  ],
  "k_grid": [
    1,
    2,
    4,
    8,
    16,
    32,
    64,
    128,
    256
  ],
  "exact": {
    "6": 3.973106580121263e-06,
    "12": 6.99012074393651e-07,
    "24": 1.689660150760007e-07,
    "48": 4.15055784297368e-08
  },
  "b2_matched": {
    "6": 0.17853105836496413,
    "12": 0.018814239894843012,
    "24": 0.0034606914169249938,
    "48": 0.0007831283219361379
  },
  "b1": {
    "6": 0.25847744516817356,
    "12": 0.02189362550103871,
    "24": 0.003128564744782926,
    "48": 0.0006390262178523333
  },
  "baseline": {
    "6": 0.024718450332270377,
    "12": 0.18598802476556367,
    "24": 0.2749294628376872,
    "48": 0.3000373925922941
  },
  "swap": {
    "train_exact__eval_exact": {
      "6": 3.973106580121263e-06,
      "12": 6.99012074393651e-07,
      "24": 1.689660150760007e-07,
      "48": 4.15055784297368e-08
    },
    "train_exact__eval_b2": {
      "6": 0.25370800959586687,
      "12": 0.021446120904973293,
      "24": 0.0031152167063708473,
      "48": 0.0006254255241453272
    },
    "train_b2__eval_exact": {
      "6": 0.08702129133423565,
      "12": 0.021754355012693564,
      "24": 0.0049445552154505,
      "48": 0.0012257196290266547
    },
    "train_b2__eval_b2": {
      "6": 0.17853105836496413,
      "12": 0.018814239894843012,
      "24": 0.0034606914169249938,
      "48": 0.0007831283219361379
    }
  },
  "bank": {
    "1": {
      "6": 0.29812811396220545,
      "12": 0.027917615045321892,
      "24": 0.004353181111995428,
      "48": 0.0009211931383606099
    },
    "2": {
      "6": 0.25775615682266495,
      "12": 0.024909315014444773,
      "24": 0.004199902997982855,
      "48": 0.0009097885802878532
    },
    "4": {
      "6": 0.21747108715506258,
      "12": 0.021977969744417215,
      "24": 0.003956300158759666,
      "48": 0.000882360673516915
    },
    "8": {
      "6": 0.1667280556594303,
      "12": 0.017763966715704658,
      "24": 0.0032692005868259523,
      "48": 0.0007414215951335477
    },
    "16": {
      "6": 0.11033300591708543,
      "12": 0.012283499366551372,
      "24": 0.0021185911010689128,
      "48": 0.00047657546487234344
    },
    "32": {
      "6": 0.05538657056269044,
      "12": 0.006950159619248475,
      "24": 0.0011174789654897449,
      "48": 0.00025134003186825577
    },
    "64": {
      "6": 0.018856771708142372,
      "12": 0.002750238444370411,
      "24": 0.00040942405924033413,
      "48": 9.07274876700632e-05
    },
    "128": {
      "6": 0.003541746577181701,
      "12": 0.0005406245684426708,
      "24": 7.180182452445269e-05,
      "48": 1.473717148965199e-05
    },
    "256": {
      "6": 0.00015193900755789628,
      "12": 2.1976648711701298e-05,
      "24": 2.752645206666011e-06,
      "48": 5.036009270935168e-07
    }
  },
  "seconds": 224.87623269995674
}