{
  "run_tag": "CONFIRMATORY",
  "probe": "maze",
  "regime": "positive",
  "seed_pool": "HOLDOUT",
  "seed": 1000,
  "config": {
    "S": 6,
    "mults": [
      1,
      2,
      4,
      8
    ],
    "eps": 0.05,
    "hidden": 16,
    "steps": 250,
    "lr": 0.02,
    "n_train": 48,
    "n_test": 48,
    "k_grid": [
      1,
      2,
      4,
      8,
      16,
      32,
      64,
      128,
      256
    ],
    "b2_method": "jacobi",
    "match_target": "solve_adjoint"
  },
  "S": 6,
  "K_match": 7,
  "b2_method": "jacobi",
  "match_target": "solve_adjoint",
  "matched_compute": {
    "exact_solve_adjoint_flops": 5284.0,
    "b2_one_step_solve_adjoint_flops": 768
  },
  "eps": 0.05,
  "sizes": [
    6,
    12,
    24,
    48
  ],
  "k_grid": [
    1,
    2,
    4,
    8,
    16,
    32,
    64,
    128,
    256
  ],
  "exact": {
    "6": 3.776298093249138e-06,
    "12": 5.511590603578482e-07,
    "24": 1.5443622969942973e-07,
    "48": 1.8319141552687908e-08
  },
  "b2_matched": {
    "6": 0.1720488661060196,
    "12": 0.01892133573408636,
    "24": 0.0035130686523870917,
    "48": 0.0007934689955944878
  },
  "b1": {
    "6": 0.2609558290322653,
    "12": 0.021836194877815653,
    "24": 0.003389254517847835,
    "48": 0.0006134660982610959
  },
  "baseline": {
    "6": 0.02762587531788116,
    "12": 0.18575828861978247,
    "24": 0.2753457372003814,
    "48": 0.29999122601837636
  },
  "swap": {
    "train_exact__eval_exact": {
      "6": 3.776298093249138e-06,
      "12": 5.511590603578482e-07,
      "24": 1.5443622969942973e-07,
      "48": 1.8319141552687908e-08
    },
    "train_exact__eval_b2": {
      "6": 0.24912989320514362,
      "12": 0.021348000096739546,
      "24": 0.003285396410300045,
      "48": 0.0006118135918086093
    },
    "train_b2__eval_exact": {
      "6": 0.07675893069866822,
      "12": 0.02144776727402051,
      "24": 0.005101204280923312,
      "48": 0.0012182868038515054
    },
    "train_b2__eval_b2": {
      "6": 0.1720488661060196,
      "12": 0.01892133573408636,
      "24": 0.0035130686523870917,
      "48": 0.0007934689955944878
    }
  },
  "bank": {
    "1": {
      "6": 0.2966519706370576,
      "12": 0.02787702143945954,
      "24": 0.004669531078541678,
      "48": 0.0009072755715500995
    },
    "2": {
      "6": 0.25568161216886154,
      "12": 0.025134695915095852,
      "24": 0.004396833625306078,
      "48": 0.0009151949983527126
    },
    "4": {
      "6": 0.21312841524373577,
      "12": 0.0223560841158646,
      "24": 0.004070921300907393,
      "48": 0.0008981264724524485
    },
    "8": {
      "6": 0.15986755001077543,
      "12": 0.0178342765503175,
      "24": 0.0033314124341138926,
      "48": 0.0007557109904702129
    },
    "16": {
      "6": 0.10214114023821784,
      "12": 0.0120090693480062,
      "24": 0.002202170815362676,
      "48": 0.00048342126331694116
    },
    "32": {
      "6": 0.04945133674322194,
      "12": 0.006614516239651472,
      "24": 0.0011603198415710816,
      "48": 0.00024161995323284882
    },
    "64": {
      "6": 0.016181385789911563,
      "12": 0.0025898098094156393,
      "24": 0.0004278343834235483,
      "48": 8.584085240144823e-05
    },
    "128": {
      "6": 0.0029389412542265144,
      "12": 0.0005131669570232685,
      "24": 7.559046919361557e-05,
      "48": 1.4163450976004046e-05
    },
    "256": {
      "6": 0.00014384680120071495,
      "12": 2.132768698264452e-05,
      "24": 2.6665932396467433e-06,
      "48": 4.67422632855508e-07
    }
  },
  "seconds": 258.11318769992795
}