{
  "run_tag": "CONFIRMATORY",
  "probe": "maze",
  "regime": "positive",
  "seed_pool": "HOLDOUT",
  "seed": 1017,
  "config": {
    "S": 6,
    "mults": [
      1,
      2,
      4,
      8
    ],
    "eps": 0.05,
    "hidden": 16,
    "steps": 250,
    "lr": 0.02,
    "n_train": 48,
    "n_test": 48,
    "k_grid": [
      1,
      2,
      4,
      8,
      16,
      32,
      64,
      128,
      256
    ],
    "b2_method": "jacobi",
    "match_target": "solve_adjoint"
  },
  "S": 6,
  "K_match": 7,
  "b2_method": "jacobi",
  "match_target": "solve_adjoint",
  "matched_compute": {
    "exact_solve_adjoint_flops": 5284.0,
    "b2_one_step_solve_adjoint_flops": 768
  },
  "eps": 0.05,
  "sizes": [
    6,
    12,
    24,
    48
  ],
  "k_grid": [
    1,
    2,
    4,
    8,
    16,
    32,
    64,
    128,
    256
  ],
  "exact": {
    "6": 8.549495107268564e-06,
    "12": 1.4508553773615537e-06,
    "24": 3.5395929049766885e-07,
    "48": 5.22875264223643e-08
  },
  "b2_matched": {
    "6": 0.17753820384482366,
    "12": 0.020630042501731345,
    "24": 0.003988799813987979,
    "48": 0.0008909259443239019
  },
  "b1": {
    "6": 0.2597081731031669,
    "12": 0.022187241557715696,
    "24": 0.003141456724894905,
    "48": 0.0006111715378329959
  },
  "baseline": {
    "6": 0.02644237196703993,
    "12": 0.18628761469515348,
    "24": 0.2749247184890561,
    "48": 0.30000366135470646
  },
  "swap": {
    "train_exact__eval_exact": {
      "6": 8.549495107268564e-06,
      "12": 1.4508553773615537e-06,
      "24": 3.5395929049766885e-07,
      "48": 5.22875264223643e-08
    },
    "train_exact__eval_b2": {
      "6": 0.25278177249046513,
      "12": 0.02178743365702777,
      "24": 0.003077235258139095,
      "48": 0.0005991064549256488
    },
    "train_b2__eval_exact": {
      "6": 0.08754175012824655,
      "12": 0.025247221357453022,
      "24": 0.005754018640259071,
      "48": 0.0014526421497696115
    },
    "train_b2__eval_b2": {
      "6": 0.17753820384482366,
      "12": 0.020630042501731345,
      "24": 0.003988799813987979,
      "48": 0.0008909259443239019
    }
  },
  "bank": {
    "1": {
      "6": 0.29820645998671447,
      "12": 0.02844249154479983,
      "24": 0.004381454849062962,
      "48": 0.0009095896276035394
    },
    "2": {
      "6": 0.2565396572827187,
      "12": 0.02605060969716118,
      "24": 0.004382823650816464,
      "48": 0.0009242969133062594
    },
    "4": {
      "6": 0.21670768915687677,
      "12": 0.023876461964937052,
      "24": 0.004411135717150089,
      "48": 0.0009620395470262442
    },
    "8": {
      "6": 0.16558339785059867,
      "12": 0.019468071428705283,
      "24": 0.003794979084701908,
      "48": 0.0008539556457085652
    },
    "16": {
      "6": 0.10788286926368532,
      "12": 0.012907348887786692,
      "24": 0.002419987946470548,
      "48": 0.0005566368620974029
    },
    "32": {
      "6": 0.05352148367015047,
      "12": 0.0070314087608516615,
      "24": 0.0011932855990255111,
      "48": 0.00027987896498699895
    },
    "64": {
      "6": 0.01806061257092413,
      "12": 0.002851283746316156,
      "24": 0.00043635432002314033,
      "48": 0.00010446714948822742
    },
    "128": {
      "6": 0.0033863143638730576,
      "12": 0.0005983816286813033,
      "24": 8.010776341237238e-05,
      "48": 1.9173834290499886e-05
    },
    "256": {
      "6": 0.00017180252215929638,
      "12": 2.6227040519016458e-05,
      "24": 3.0091315301032897e-06,
      "48": 6.019402243724189e-07
    }
  },
  "seconds": 269.7479991998989
}