{
  "run_tag": "CONFIRMATORY",
  "probe": "maze",
  "regime": "positive",
  "seed_pool": "HOLDOUT",
  "seed": 1015,
  "config": {
    "S": 6,
    "mults": [
      1,
      2,
      4,
      8
    ],
    "eps": 0.05,
    "hidden": 16,
    "steps": 250,
    "lr": 0.02,
    "n_train": 48,
    "n_test": 48,
    "k_grid": [
      1,
      2,
      4,
      8,
      16,
      32,
      64,
      128,
      256
    ],
    "b2_method": "jacobi",
    "match_target": "solve_adjoint"
  },
  "S": 6,
  "K_match": 7,
  "b2_method": "jacobi",
  "match_target": "solve_adjoint",
  "matched_compute": {
    "exact_solve_adjoint_flops": 5284.0,
    "b2_one_step_solve_adjoint_flops": 768
  },
  "eps": 0.05,
  "sizes": [
    6,
    12,
    24,
    48
  ],
  "k_grid": [
    1,
    2,
    4,
    8,
    16,
    32,
    64,
    128,
    256
  ],
  "exact": {
    "6": 2.1548783218301817e-05,
    "12": 4.300178610558207e-06,
    "24": 1.0207401863754991e-06,
    "48": 3.9021871374108644e-07
  },
  "b2_matched": {
    "6": 0.1750629990323109,
    "12": 0.019499944850127536,
    "24": 0.0036534420091695386,
    "48": 0.0008346062860085836
  },
  "b1": {
    "6": 0.26243090176886724,
    "12": 0.02190858223750381,
    "24": 0.0031761856226802327,
    "48": 0.0006193422089020711
  },
  "baseline": {
    "6": 0.030073313316497038,
    "12": 0.18580339892903452,
    "24": 0.27502460414168545,
    "48": 0.2999959484565941
  },
  "swap": {
    "train_exact__eval_exact": {
      "6": 2.1548783218301817e-05,
      "12": 4.300178610558207e-06,
      "24": 1.0207401863754991e-06,
      "48": 3.9021871374108644e-07
    },
    "train_exact__eval_b2": {
      "6": 0.24883827731141178,
      "12": 0.021410003145185166,
      "24": 0.0031008185959401032,
      "48": 0.0006097181079267896
    },
    "train_b2__eval_exact": {
      "6": 0.08203363627394751,
      "12": 0.02279129406023181,
      "24": 0.0052766648676828695,
      "48": 0.0012766660338064636
    },
    "train_b2__eval_b2": {
      "6": 0.1750629990323109,
      "12": 0.019499944850127536,
      "24": 0.0036534420091695386,
      "48": 0.0008346062860085836
    }
  },
  "bank": {
    "1": {
      "6": 0.29712535330967915,
      "12": 0.02778059255114783,
      "24": 0.0043997433386271274,
      "48": 0.0008884164278009002
    },
    "2": {
      "6": 0.25527275394435855,
      "12": 0.02544533570279577,
      "24": 0.0043174029486055246,
      "48": 0.0009206802410805361
    },
    "4": {
      "6": 0.21494719423816783,
      "12": 0.023005107084311853,
      "24": 0.004179979699317063,
      "48": 0.0009381468492667883
    },
    "8": {
      "6": 0.16303254380165988,
      "12": 0.018343646261174348,
      "24": 0.0034604271795130315,
      "48": 0.0007937880660812357
    },
    "16": {
      "6": 0.10578369004041692,
      "12": 0.012275231275151835,
      "24": 0.0022652733418018116,
      "48": 0.0005056038591428361
    },
    "32": {
      "6": 0.05226818940689843,
      "12": 0.006822778613043821,
      "24": 0.0011855449976950815,
      "48": 0.00025362536767667036
    },
    "64": {
      "6": 0.017431757407670626,
      "12": 0.0027658759629880614,
      "24": 0.0004432107188958672,
      "48": 9.229369041515344e-05
    },
    "128": {
      "6": 0.0032296744130298543,
      "12": 0.000573349387241063,
      "24": 8.080445289981994e-05,
      "48": 1.625749672656073e-05
    },
    "256": {
      "6": 0.00017588312845228215,
      "12": 2.8161517241708398e-05,
      "24": 3.604229738329621e-06,
      "48": 8.892496702652532e-07
    }
  },
  "seconds": 269.19727689994033
}