{
  "probe": "maze",
  "run_tag": "EXPLORATORY",
  "determinism_ok": null,
  "K_match": 7,
  "k_floor": 256,
  "sizes": [
    6,
    12,
    24,
    48
  ],
  "seeds": [
    1000,
    1001,
    1002,
    1003,
    1004,
    1005,
    1006,
    1007,
    1008,
    1009,
    1010,
    1011,
    1012,
    1013,
    1014,
    1015,
    1016,
    1017,
    1018,
    1019,
    1020,
    1021,
    1022,
    1023,
    1024,
    1025,
    1026,
    1027,
    1028,
    1029
  ],
  "n_matchable_A": 0,
  "n_seeds": 30,
  "matchable_frac": 0.0,
  "armA_verdict": "UNMATCHABLE-dominant->attainability (gap_shrinks_with_size=True)",
  "gap_shrinks_with_size": true,
  "m_min": 0.6,
  "floor_abs": 2e-06,
  "proving": {
    "median_L_exact_train": 1.4514363739124565e-05,
    "median_b2_best_exact_train": 0.029611736040451635,
    "median_rel_gap": 2039.1676968195968
  },
  "as_trained_gap_by_size": {
    "6": {
      "n": 30,
      "mean": 0.08166920021544793,
      "median": 0.081760453048587,
      "ci_low": 0.07972234210195267,
      "ci_high": 0.08362780788258406
    },
    "12": {
      "n": 30,
      "mean": 0.0221148247246259,
      "median": 0.022141938008238646,
      "ci_low": 0.021715861894318636,
      "ci_high": 0.02253728670205934
    },
    "24": {
      "n": 30,
      "mean": 0.0052625638325764085,
      "median": 0.005225782373093922,
      "ci_low": 0.005161191667680769,
      "ci_high": 0.005363810401051809
    },
    "48": {
      "n": 30,
      "mean": 0.0012998046457739,
      "median": 0.0013026685553230526,
      "ci_low": 0.001275948291425004,
      "ci_high": 0.0013234653343726288
    }
  },
  "floor_F_by_size": {
    "12": 5.946170467926216e-06,
    "24": 2e-06,
    "48": 2e-06
  },
  "floor_gap_by_size": {
    "12": {
      "n": 30,
      "mean": 2.973085233963108e-06,
      "median": 5.377357051337789e-06,
      "ci_low": 4.112900325334875e-07,
      "ci_high": 5.358661418602584e-06
    },
    "24": {
      "n": 30,
      "mean": 1.5965748255151582e-07,
      "median": 9.986652449556727e-07,
      "ci_low": -5.79511894809187e-07,
      "ci_high": 8.51335354392561e-07
    },
    "48": {
      "n": 30,
      "mean": -2.7101682104477267e-08,
      "median": 2.41100985006559e-07,
      "ci_low": -2.3245384208622574e-07,
      "ci_high": 1.643893143851535e-07
    }
  },
  "floor_indistribution_gap": {
    "n": 30,
    "mean": 2.7042480100640097e-05,
    "median": 2.5926301297187478e-05,
    "ci_low": 2.2388336936669794e-05,
    "ci_high": 3.221043994423505e-05
  },
  "floor_sound": false,
  "armA_rows": [],
  "armB": {
    "n_matched": 30,
    "n_within_tol": 0,
    "exact_read_step_median": 2,
    "n_transient": 30,
    "n_steps": 250,
    "rows": [
      {
        "size": 6,
        "exact_read_minus_b2_eval_exact": {
          "n": 30,
          "mean": -0.07368630015048562,
          "median": -0.07660202775733752,
          "ci_low": -0.07753695779790136,
          "ci_high": -0.0695687887860176
        }
      },
      {
        "size": 12,
        "exact_read_minus_b2_eval_exact": {
          "n": 30,
          "mean": -0.019754771260240476,
          "median": -0.020320408713648465,
          "ci_low": -0.020708162344902022,
          "ci_high": -0.01869438009152806
        }
      },
      {
        "size": 24,
        "exact_read_minus_b2_eval_exact": {
          "n": 30,
          "mean": -0.004741436878296943,
          "median": -0.00493401955181451,
          "ci_low": -0.004961093140036272,
          "ci_high": -0.0044793403720086635
        }
      },
      {
        "size": 48,
        "exact_read_minus_b2_eval_exact": {
          "n": 30,
          "mean": -0.0011759775639558546,
          "median": -0.0012179118355504595,
          "ci_low": -0.0012294230629805029,
          "ci_high": -0.0011120567964844866
        }
      }
    ]
  },
  "seconds": 10266.56980930001
}