{"seed": 1006, "L_exact_train": 0.00024128555855097242, "b2_final_exact_train": 0.08391785820219475, "b2_best_exact_train": 0.027987105491216586, "ex_eval": {"6": 0.0002265019782929081, "12": 8.867948823359447e-05, "24": 2.1285588703740047e-05, "48": 5.758898038326575e-06}, "b2_evalexact": {"6": 0.08335483266597098, "12": 0.02273898087820969, "24": 0.005571598694536761, "48": 0.0013921347029474313}, "b2_matched": {"6": 0.1758013274593692, "12": 0.019206518141594228, "24": 0.0037898267600370633, "48": 0.0008727255141908762}, "floor_evalexact": {"6": 0.00022761117410088807, "12": 6.853794561646512e-05, "24": 1.4977373983940332e-05, "48": 4.004209467262221e-06}, "arm_a": {"matched": false, "step": null, "b2_best_exact_train": 0.027987105491216586}, "arm_b": {"matched": true, "within_tol": false, "exact_read_step": 0, "n_steps": 250, "transient": true, "exact_read_eval_exact": {"6": 0.02589027747927442, "12": 0.006484298791362265, "24": 0.0014436640966637164, "48": 0.0003309031267042051}, "b2_eval_exact": {"6": 0.08335483266597098, "12": 0.02273898087820969, "24": 0.005571598694536761, "48": 0.0013921347029474313}}}