{"seed": 1021, "L_exact_train": 0.00010248375468093828, "b2_final_exact_train": 0.0844064291420126, "b2_best_exact_train": 0.04757630605440465, "ex_eval": {"6": 0.00010617899663642763, "12": 2.7338119584735125e-05, "24": 7.195477321516381e-06, "48": 1.9313018142504194e-06}, "b2_evalexact": {"6": 0.08002134501809224, "12": 0.024041551328572677, "24": 0.005912293424505493, "48": 0.0014538147358569883}, "b2_matched": {"6": 0.1748439895419321, "12": 0.02001144681885741, "24": 0.003910189600258391, "48": 0.0009162741941296294}, "floor_evalexact": {"6": 0.00012809235043015628, "12": 2.8441696452598325e-05, "24": 6.902382538662833e-06, "48": 1.6827962511173853e-06}, "arm_a": {"matched": false, "step": null, "b2_best_exact_train": 0.04757630605440465}, "arm_b": {"matched": true, "within_tol": false, "exact_read_step": 0, "n_steps": 250, "transient": true, "exact_read_eval_exact": {"6": 0.005926871688012071, "12": 0.0020441384480029867, "24": 0.0004703436868947426, "48": 0.0001066986413572445}, "b2_eval_exact": {"6": 0.08002134501809224, "12": 0.024041551328572677, "24": 0.005912293424505493, "48": 0.0014538147358569883}}}