{"seed": 1027, "L_exact_train": 2.937472405646387e-05, "b2_final_exact_train": 0.08032268567720603, "b2_best_exact_train": 0.03691724014335252, "ex_eval": {"6": 7.60832093214804e-05, "12": 1.053793338711358e-05, "24": 2.736922900938327e-06, "48": 6.658902013277478e-07}, "b2_evalexact": {"6": 0.07842092108209663, "12": 0.0228522445107007, "24": 0.005012543973910529, "48": 0.0013221521677012889}, "b2_matched": {"6": 0.17348720107362167, "12": 0.019496644467446065, "24": 0.0035411845715393186, "48": 0.0008180282536757485}, "floor_evalexact": {"6": 0.00010702784235617853, "12": 1.6343611998387486e-05, "24": 2.9341828653839996e-06, "48": 6.335991634351377e-07}, "arm_a": {"matched": false, "step": null, "b2_best_exact_train": 0.03691724014335252}, "arm_b": {"matched": true, "within_tol": false, "exact_read_step": 5, "n_steps": 250, "transient": true, "exact_read_eval_exact": {"6": 0.005955952548810513, "12": 0.0013917277432925433, "24": 0.0003780714585948223, "48": 7.733025984539915e-05}, "b2_eval_exact": {"6": 0.07842092108209663, "12": 0.0228522445107007, "24": 0.005012543973910529, "48": 0.0013221521677012889}}}