{"seed": 1017, "L_exact_train": 4.100565489077973e-06, "b2_final_exact_train": 0.08600662162773753, "b2_best_exact_train": 0.024997080779069005, "ex_eval": {"6": 8.549495107268564e-06, "12": 1.4508553773615537e-06, "24": 3.5395929049766885e-07, "48": 5.22875264223643e-08}, "b2_evalexact": {"6": 0.08754175012824655, "12": 0.025247221357453022, "24": 0.005754018640259071, "48": 0.0014526421497696113}, "b2_matched": {"6": 0.17753820384482366, "12": 0.020630042501731345, "24": 0.003988799813987979, "48": 0.0008909259443239023}, "floor_evalexact": {"6": 3.4679837286647145e-05, "12": 1.1277868830309432e-05, "24": 1.8601471698880415e-06, "48": 4.5087091006849334e-07}, "arm_a": {"matched": false, "step": null, "b2_best_exact_train": 0.024997080779069005}, "arm_b": {"matched": true, "within_tol": false, "exact_read_step": 2, "n_steps": 250, "transient": true, "exact_read_eval_exact": {"6": 0.002731596624349324, "12": 0.0008053469393601392, "24": 0.00017112292717560778, "48": 4.245978874252242e-05}, "b2_eval_exact": {"6": 0.08754175012824655, "12": 0.025247221357453022, "24": 0.005754018640259071, "48": 0.0014526421497696113}}}