{"seed": 1022, "L_exact_train": 1.013369175077106e-05, "b2_final_exact_train": 0.08274003581541002, "b2_best_exact_train": 0.037870692346122864, "ex_eval": {"6": 1.2196824134172071e-05, "12": 3.4099270228125766e-06, "24": 7.828581913463357e-07, "48": 1.8319603069589807e-07}, "b2_evalexact": {"6": 0.0827345422655599, "12": 0.02218226016777528, "24": 0.0054870848190018565, "48": 0.0013536877456395344}, "b2_matched": {"6": 0.175480956235427, "12": 0.018857891288411047, "24": 0.0037734044347078385, "48": 0.0008548911487884211}, "floor_evalexact": {"6": 3.776513617735366e-05, "12": 9.371596289092005e-06, "24": 1.8366956538875052e-06, "48": 4.4396599064451386e-07}, "arm_a": {"matched": false, "step": null, "b2_best_exact_train": 0.037870692346122864}, "arm_b": {"matched": true, "within_tol": false, "exact_read_step": 4, "n_steps": 250, "transient": true, "exact_read_eval_exact": {"6": 0.004953693515771951, "12": 0.001561625655153498, "24": 0.00033364830627570394, "48": 7.39462600535647e-05}, "b2_eval_exact": {"6": 0.0827345422655599, "12": 0.02218226016777528, "24": 0.0054870848190018565, "48": 0.0013536877456395344}}}