{"seed": 1011, "L_exact_train": 3.16155595925566e-06, "b2_final_exact_train": 0.07673715927269596, "b2_best_exact_train": 0.010386770618124399, "ex_eval": {"6": 3.973106580121263e-06, "12": 6.99012074393651e-07, "24": 1.689660150760007e-07, "48": 4.1505578429736805e-08}, "b2_evalexact": {"6": 0.08702129133423565, "12": 0.021754355012693564, "24": 0.0049445552154505, "48": 0.0012257196290266547}, "b2_matched": {"6": 0.17853105836496413, "12": 0.018814239894843012, "24": 0.0034606914169249938, "48": 0.0007831283219361379}, "floor_evalexact": {"6": 3.128425645397885e-05, "12": 6.612824598284463e-06, "24": 1.4393801221357542e-06, "48": 3.1781252465547016e-07}, "arm_a": {"matched": false, "step": null, "b2_best_exact_train": 0.010386770618124399}, "arm_b": {"matched": true, "within_tol": false, "exact_read_step": 0, "n_steps": 250, "transient": true, "exact_read_eval_exact": {"6": 0.0013631162318857558, "12": 0.0005135538865154454, "24": 0.00011161516336600613, "48": 3.0261072256417193e-05}, "b2_eval_exact": {"6": 0.08702129133423565, "12": 0.021754355012693564, "24": 0.0049445552154505, "48": 0.0012257196290266547}}}