{"seed": 1028, "L_exact_train": 1.5119325092078664e-05, "b2_final_exact_train": 0.07786629717039635, "b2_best_exact_train": 0.03390198379044235, "ex_eval": {"6": 1.51382704089528e-05, "12": 3.183424662042166e-06, "24": 7.900243769217352e-07, "48": 2.3693970645276695e-07}, "b2_evalexact": {"6": 0.09449376514813561, "12": 0.023596222520155644, "24": 0.005488625912551721, "48": 0.001332044235574017}, "b2_matched": {"6": 0.17627284663427611, "12": 0.0194377868267833, "24": 0.0037075069000739643, "48": 0.0008422566801908993}, "floor_evalexact": {"6": 5.108685923721117e-05, "12": 1.018252787262592e-05, "24": 1.7976521497048497e-06, "48": 4.287432253229144e-07}, "arm_a": {"matched": false, "step": null, "b2_best_exact_train": 0.03390198379044235}, "arm_b": {"matched": true, "within_tol": false, "exact_read_step": 4, "n_steps": 250, "transient": true, "exact_read_eval_exact": {"6": 0.0034171428534950266, "12": 0.0011473226956035575, "24": 0.0002493971759933765, "48": 6.717292659805462e-05}, "b2_eval_exact": {"6": 0.09449376514813561, "12": 0.023596222520155644, "24": 0.005488625912551721, "48": 0.001332044235574017}}}