{"seed": 1018, "L_exact_train": 0.00016694145588241004, "b2_final_exact_train": 0.07667861923075996, "b2_best_exact_train": 0.02453221413305605, "ex_eval": {"6": 0.00023151731103990096, "12": 5.485328086459192e-05, "24": 1.4161601799626007e-05, "48": 3.0781889358840214e-06}, "b2_evalexact": {"6": 0.0874635849094556, "12": 0.02193256624722646, "24": 0.005251867565151315, "48": 0.0012318332641583132}, "b2_matched": {"6": 0.17454650820433099, "12": 0.01876238854895898, "24": 0.0035848053118628133, "48": 0.0007852636946515904}, "floor_evalexact": {"6": 0.0002683791593441744, "12": 4.9006111128243846e-05, "24": 1.2211311315406468e-05, "48": 2.2217405695649603e-06}, "arm_a": {"matched": false, "step": null, "b2_best_exact_train": 0.02453221413305605}, "arm_b": {"matched": true, "within_tol": false, "exact_read_step": 0, "n_steps": 250, "transient": true, "exact_read_eval_exact": {"6": 0.021970320236574643, "12": 0.005506443364092866, "24": 0.001267977167058788, "48": 0.000282319538617692}, "b2_eval_exact": {"6": 0.0874635849094556, "12": 0.02193256624722646, "24": 0.005251867565151315, "48": 0.0012318332641583132}}}