{"seed": 1009, "L_exact_train": 3.351515134220442e-06, "b2_final_exact_train": 0.08025328216875789, "b2_best_exact_train": 0.03286715461607114, "ex_eval": {"6": 2.6923939143075903e-06, "12": 6.393338959992402e-07, "24": 1.5282566361115853e-07, "48": 3.029688940527952e-08}, "b2_evalexact": {"6": 0.08464772095656731, "12": 0.022342041865826417, "24": 0.005395238108559353, "48": 0.001351101413523691}, "b2_matched": {"6": 0.17582331465762766, "12": 0.01908712423655474, "24": 0.00366361802098791, "48": 0.0008867854585203978}, "floor_evalexact": {"6": 2.6270654613757522e-05, "12": 8.337965279216547e-06, "24": 2.1345842810501176e-06, "48": 4.683824699864456e-07}, "arm_a": {"matched": false, "step": null, "b2_best_exact_train": 0.03286715461607114}, "arm_b": {"matched": true, "within_tol": false, "exact_read_step": 3, "n_steps": 250, "transient": true, "exact_read_eval_exact": {"6": 0.003328057773816998, "12": 0.0009824513528013336, "24": 0.00018028072898825792, "48": 4.126102464965358e-05}, "b2_eval_exact": {"6": 0.08464772095656731, "12": 0.022342041865826417, "24": 0.005395238108559353, "48": 0.001351101413523691}}}