{"seed": 1019, "L_exact_train": 0.00012676603089805337, "b2_final_exact_train": 0.08488632709430297, "b2_best_exact_train": 0.02825372632201341, "ex_eval": {"6": 0.00012004289523892192, "12": 4.961591431233346e-05, "24": 1.0449451520952242e-05, "48": 3.0973488835747914e-06}, "b2_evalexact": {"6": 0.07520604388442195, "12": 0.022577543655952773, "24": 0.005762810241261015, "48": 0.00139424479294783}, "b2_matched": {"6": 0.1718853659878968, "12": 0.018852732231823998, "24": 0.0037574047998249825, "48": 0.0008777950446871977}, "floor_evalexact": {"6": 0.00012463186596834108, "12": 4.217823609402677e-05, "24": 7.196104975445372e-06, "48": 2.249636191717695e-06}, "arm_a": {"matched": false, "step": null, "b2_best_exact_train": 0.02825372632201341}, "arm_b": {"matched": true, "within_tol": false, "exact_read_step": 0, "n_steps": 250, "transient": true, "exact_read_eval_exact": {"6": 0.014160731621193879, "12": 0.0045906364477145, "24": 0.0010372711861702255, "48": 0.00024175929163657166}, "b2_eval_exact": {"6": 0.07520604388442195, "12": 0.022577543655952773, "24": 0.005762810241261015, "48": 0.00139424479294783}}}