{"seed": 1023, "L_exact_train": 8.150574903859193e-05, "b2_final_exact_train": 0.0804818656004351, "b2_best_exact_train": 0.03719815296035002, "ex_eval": {"6": 8.32692330002236e-05, "12": 2.534204514831223e-05, "24": 7.2811903131187885e-06, "48": 2.0641921252813566e-06}, "b2_evalexact": {"6": 0.0739267658542756, "12": 0.021476337502796122, "24": 0.005110952575544141, "48": 0.0012547566531835386}, "b2_matched": {"6": 0.17312579880907944, "12": 0.018686387602115957, "24": 0.0034829700977091777, "48": 0.0007781788384430423}, "floor_evalexact": {"6": 9.309525123071181e-05, "12": 2.1979498473025956e-05, "24": 5.2650522770284e-06, "48": 1.470758174146016e-06}, "arm_a": {"matched": false, "step": null, "b2_best_exact_train": 0.03719815296035002}, "arm_b": {"matched": true, "within_tol": false, "exact_read_step": 7, "n_steps": 250, "transient": true, "exact_read_eval_exact": {"6": 0.00509415546704658, "12": 0.0018899051348301053, "24": 0.00041003302155961273, "48": 9.530572465043854e-05}, "b2_eval_exact": {"6": 0.0739267658542756, "12": 0.021476337502796122, "24": 0.005110952575544141, "48": 0.0012547566531835386}}}