{"seed": 1000, "L_exact_train": 2.5785548970891578e-06, "b2_final_exact_train": 0.07877229785495797, "b2_best_exact_train": 0.0009716931549698439, "ex_eval": {"6": 3.776298093249138e-06, "12": 5.511590603578482e-07, "24": 1.5443622969942973e-07, "48": 1.831914155268791e-08}, "b2_evalexact": {"6": 0.07675893069866822, "12": 0.02144776727402051, "24": 0.005101204280923312, "48": 0.0012182868038515054}, "b2_matched": {"6": 0.1720488661060196, "12": 0.01892133573408636, "24": 0.0035130686523870917, "48": 0.0007934689955944878}, "floor_evalexact": {"6": 1.810657402694671e-05, "12": 4.229977238491546e-06, "24": 1.144138946827661e-06, "48": 2.517972813049108e-07}, "arm_a": {"matched": false, "step": null, "b2_best_exact_train": 0.0009716931549698439}, "arm_b": {"matched": true, "within_tol": false, "exact_read_step": 1, "n_steps": 250, "transient": true, "exact_read_eval_exact": {"6": 0.0019366767534468882, "12": 0.0004910692191770563, "24": 0.00010434355062219485, "48": 2.066293086410299e-05}, "b2_eval_exact": {"6": 0.07675893069866822, "12": 0.02144776727402051, "24": 0.005101204280923312, "48": 0.0012182868038515054}}}