{"seed": 1029, "L_exact_train": 2.1080767547844994e-06, "b2_final_exact_train": 0.08101063568772197, "b2_best_exact_train": 0.0034306529860749484, "ex_eval": {"6": 2.062439786234605e-06, "12": 1.0235165782438314e-06, "24": 1.61679767057122e-07, "48": 3.738766485625627e-08}, "b2_evalexact": {"6": 0.0859557271023587, "12": 0.023166286092881756, "24": 0.005150570658006308, "48": 0.0012818247205833796}, "b2_matched": {"6": 0.17718674842139967, "12": 0.019198495446891232, "24": 0.003640203795144586, "48": 0.0008047929740890627}, "floor_evalexact": {"6": 2.7784700201230985e-05, "12": 9.698923715908883e-06, "24": 2.067379136642712e-06, "48": 5.142225410656945e-07}, "arm_a": {"matched": false, "step": null, "b2_best_exact_train": 0.0034306529860749484}, "arm_b": {"matched": true, "within_tol": false, "exact_read_step": 0, "n_steps": 250, "transient": true, "exact_read_eval_exact": {"6": 0.0035191281651284737, "12": 0.000886164260782425, "24": 0.00015295772055268157, "48": 3.429847847887521e-05}, "b2_eval_exact": {"6": 0.0859557271023587, "12": 0.023166286092881756, "24": 0.005150570658006308, "48": 0.0012818247205833796}}}