{"seed": 1020, "L_exact_train": 2.1328899156458663e-05, "b2_final_exact_train": 0.07843597763005376, "b2_best_exact_train": 0.04173145501545768, "ex_eval": {"6": 2.4320327918909584e-05, "12": 5.731558870889336e-06, "24": 1.4022996797094766e-06, "48": 3.7727449442254343e-07}, "b2_evalexact": {"6": 0.08524391289267327, "12": 0.02202161140530974, "24": 0.005283257728690171, "48": 0.001183627683151159}, "b2_matched": {"6": 0.17498951194762716, "12": 0.018784478943188198, "24": 0.003626787813592892, "48": 0.0007597889435695512}, "floor_evalexact": {"6": 6.777981732165986e-05, "12": 1.5080849551601686e-05, "24": 2.886684245248473e-06, "48": 6.645117369043524e-07}, "arm_a": {"matched": false, "step": null, "b2_best_exact_train": 0.04173145501545768}, "arm_b": {"matched": true, "within_tol": false, "exact_read_step": 4, "n_steps": 250, "transient": true, "exact_read_eval_exact": {"6": 0.004774880850196483, "12": 0.0014765981696468673, "24": 0.00033218498277855387, "48": 7.083130519929334e-05}, "b2_eval_exact": {"6": 0.08524391289267327, "12": 0.02202161140530974, "24": 0.005283257728690171, "48": 0.001183627683151159}}}