{"seed": 1014, "L_exact_train": 0.00025898849674443214, "b2_final_exact_train": 0.07885285584331747, "b2_best_exact_train": 0.03096974575888986, "ex_eval": {"6": 0.0002103227082324541, "12": 7.035450689617031e-05, "24": 1.747508002385707e-05, "48": 3.4429217375628577e-06}, "b2_evalexact": {"6": 0.08043894014076584, "12": 0.02406432261906241, "24": 0.005476575660607642, "48": 0.001336010451819893}, "b2_matched": {"6": 0.17489698420487837, "12": 0.019256059182287424, "24": 0.0036281561459907564, "48": 0.0008359984537072321}, "floor_evalexact": {"6": 0.00023444185738111397, "12": 6.59792629444257e-05, "24": 1.5005241370505644e-05, "48": 2.6013378608925276e-06}, "arm_a": {"matched": false, "step": null, "b2_best_exact_train": 0.03096974575888986}, "arm_b": {"matched": true, "within_tol": false, "exact_read_step": 0, "n_steps": 250, "transient": true, "exact_read_eval_exact": {"6": 0.038020073905811115, "12": 0.011771425432047851, "24": 0.0024781055823966743, "48": 0.0005900893979639091}, "b2_eval_exact": {"6": 0.08043894014076584, "12": 0.02406432261906241, "24": 0.005476575660607642, "48": 0.001336010451819893}}}