{"seed": 1024, "L_exact_train": 0.00017883778947260786, "b2_final_exact_train": 0.0790272927370746, "b2_best_exact_train": 0.03596003893942841, "ex_eval": {"6": 0.00022455843411872683, "12": 6.379778153882357e-05, "24": 1.5813781947600768e-05, "48": 3.871096391309807e-06}, "b2_evalexact": {"6": 0.07499219712056666, "12": 0.02142317225473984, "24": 0.004908925743191006, "48": 0.0012874416293318309}, "b2_matched": {"6": 0.17369661299607153, "12": 0.01842856749297991, "24": 0.00351953342892092, "48": 0.0008140806214762659}, "floor_evalexact": {"6": 0.00025276129923818393, "12": 5.713813469669452e-05, "24": 1.3140850290429552e-05, "48": 3.0474847575985475e-06}, "arm_a": {"matched": false, "step": null, "b2_best_exact_train": 0.03596003893942841}, "arm_b": {"matched": true, "within_tol": false, "exact_read_step": 0, "n_steps": 250, "transient": true, "exact_read_eval_exact": {"6": 0.0382905205114736, "12": 0.011381871848439869, "24": 0.0028208508069297745, "48": 0.0007424585271838457}, "b2_eval_exact": {"6": 0.07499219712056666, "12": 0.02142317225473984, "24": 0.004908925743191006, "48": 0.0012874416293318309}}}