{"seed": 1002, "L_exact_train": 3.1834389660747515e-06, "b2_final_exact_train": 0.07549981352299934, "b2_best_exact_train": 0.0017379994198108647, "ex_eval": {"6": 2.1209816374624e-06, "12": 5.3352793659477e-07, "24": 1.2514972997380241e-07, "48": 2.5226919452287915e-08}, "b2_evalexact": {"6": 0.07553758409666128, "12": 0.022203987457305268, "24": 0.005067293928837154, "48": 0.001256227940664807}, "b2_matched": {"6": 0.17467024534859676, "12": 0.0190498154703378, "24": 0.0036378190311104415, "48": 0.0007962017815710826}, "floor_evalexact": {"6": 1.691715415276147e-05, "12": 5.577569834320188e-06, "24": 1.5159914624093565e-06, "48": 2.723305324668507e-07}, "arm_a": {"matched": false, "step": null, "b2_best_exact_train": 0.0017379994198108647}, "arm_b": {"matched": true, "within_tol": false, "exact_read_step": 0, "n_steps": 250, "transient": true, "exact_read_eval_exact": {"6": 0.001638132626812816, "12": 0.0005137262599959419, "24": 0.00011800932495833706, "48": 2.523667639461522e-05}, "b2_eval_exact": {"6": 0.07553758409666128, "12": 0.022203987457305268, "24": 0.005067293928837154, "48": 0.001256227940664807}}}