{"seed": 1012, "L_exact_train": 4.280707915144058e-06, "b2_final_exact_train": 0.08131549437308719, "b2_best_exact_train": 0.019913218700486204, "ex_eval": {"6": 5.609347145545064e-06, "12": 1.659413872680055e-06, "24": 2.7803985815340813e-07, "48": 7.490783023092683e-08}, "b2_evalexact": {"6": 0.07093405118244041, "12": 0.020091572511331195, "24": 0.00520053574244036, "48": 0.0012872949467480032}, "b2_matched": {"6": 0.17298521133970632, "12": 0.018197317372213275, "24": 0.0035969665408265706, "48": 0.000849094426788652}, "floor_evalexact": {"6": 2.599864733394135e-05, "12": 6.291315579904637e-06, "24": 1.6244782186934107e-06, "48": 3.5959852665545084e-07}, "arm_a": {"matched": false, "step": null, "b2_best_exact_train": 0.019913218700486204}, "arm_b": {"matched": true, "within_tol": false, "exact_read_step": 2, "n_steps": 250, "transient": true, "exact_read_eval_exact": {"6": 0.002462548982614194, "12": 0.0009347468156576244, "24": 0.00016690667327828193, "48": 3.5440534744125966e-05}, "b2_eval_exact": {"6": 0.07093405118244041, "12": 0.020091572511331195, "24": 0.00520053574244036, "48": 0.0012872949467480032}}}