{"seed": 1026, "L_exact_train": 1.3909402386170467e-05, "b2_final_exact_train": 0.07924114614590219, "b2_best_exact_train": 0.027161901842496058, "ex_eval": {"6": 1.7511307624203053e-05, "12": 3.4584003674239344e-06, "24": 1.0352533467778035e-06, "48": 2.2674197341307652e-07}, "b2_evalexact": {"6": 0.07851689014349306, "12": 0.020248789338405192, "24": 0.005099167286468921, "48": 0.0013127704774617344}, "b2_matched": {"6": 0.17532098683659264, "12": 0.018526291716137754, "24": 0.003485966559540338, "48": 0.0007991604409133832}, "floor_evalexact": {"6": 5.293503847101976e-05, "12": 9.138366643813405e-06, "24": 2.5921681422613437e-06, "48": 4.986638073906977e-07}, "arm_a": {"matched": false, "step": null, "b2_best_exact_train": 0.027161901842496058}, "arm_b": {"matched": true, "within_tol": false, "exact_read_step": 3, "n_steps": 250, "transient": true, "exact_read_eval_exact": {"6": 0.0034254374861939804, "12": 0.0010508151189968602, "24": 0.00027239213534254706, "48": 6.089271675261224e-05}, "b2_eval_exact": {"6": 0.07851689014349306, "12": 0.020248789338405192, "24": 0.005099167286468921, "48": 0.0013127704774617344}}}