{"seed": 1004, "L_exact_train": 4.536984305447222e-06, "b2_final_exact_train": 0.08154682327755278, "b2_best_exact_train": 0.02638814219858245, "ex_eval": {"6": 6.9057213224758824e-06, "12": 1.4062014590401209e-06, "24": 4.239125644900203e-07, "48": 7.6015341986918e-08}, "b2_evalexact": {"6": 0.07401960835646786, "12": 0.020928778115164706, "24": 0.0052142826954006466, "48": 0.0013493112840041687}, "b2_matched": {"6": 0.17390886780299958, "12": 0.018752142720934003, "24": 0.0036163096650165365, "48": 0.0008389488158882058}, "floor_evalexact": {"6": 2.056178172374263e-05, "12": 5.977126060793702e-06, "24": 1.6135102215073499e-06, "48": 3.5574885903005954e-07}, "arm_a": {"matched": false, "step": null, "b2_best_exact_train": 0.02638814219858245}, "arm_b": {"matched": true, "within_tol": false, "exact_read_step": 2, "n_steps": 250, "transient": true, "exact_read_eval_exact": {"6": 0.0035841232022514272, "12": 0.001190317688851174, "24": 0.0002955281956504438, "48": 6.759253005888325e-05}, "b2_eval_exact": {"6": 0.07401960835646786, "12": 0.020928778115164706, "24": 0.0052142826954006466, "48": 0.0013493112840041687}}}