{"seed": 1001, "L_exact_train": 3.227024353639731e-05, "b2_final_exact_train": 0.08058801909521096, "b2_best_exact_train": 0.03904184660236511, "ex_eval": {"6": 4.8497233742416685e-05, "12": 8.438858005470918e-06, "24": 2.2939463835452084e-06, "48": 6.334228468965293e-07}, "b2_evalexact": {"6": 0.08105020908591759, "12": 0.022778107498542432, "24": 0.0054983610272385415, "48": 0.0013041847511851626}, "b2_matched": {"6": 0.1758315674209191, "12": 0.01953156625214902, "24": 0.003705066717080857, "48": 0.0008361472973305391}, "floor_evalexact": {"6": 7.284958144768894e-05, "12": 1.547204826052491e-05, "24": 2.9809354621491966e-06, "48": 7.404001433705736e-07}, "arm_a": {"matched": false, "step": null, "b2_best_exact_train": 0.03904184660236511}, "arm_b": {"matched": true, "within_tol": false, "exact_read_step": 5, "n_steps": 250, "transient": true, "exact_read_eval_exact": {"6": 0.004405170483337705, "12": 0.0013439692705853065, "24": 0.0003190333789793901, "48": 7.386703712659106e-05}, "b2_eval_exact": {"6": 0.08105020908591759, "12": 0.022778107498542432, "24": 0.0054983610272385415, "48": 0.0013041847511851626}}}