{"seed": 1025, "L_exact_train": 0.00020775656027054528, "b2_final_exact_train": 0.07858272654203104, "b2_best_exact_train": 0.03307365871539193, "ex_eval": {"6": 0.0002044917052039121, "12": 6.965416654989605e-05, "24": 1.7519417575101517e-05, "48": 3.3370651294889555e-06}, "b2_evalexact": {"6": 0.08935870676124115, "12": 0.022231147226198678, "24": 0.004795812109830875, "48": 0.0013097931436148}, "b2_matched": {"6": 0.17902673908378408, "12": 0.019285037996763073, "24": 0.003419943171914765, "48": 0.000828106695577246}, "floor_evalexact": {"6": 0.00023818880132047053, "12": 6.272240877171797e-05, "24": 1.4605705867292473e-05, "48": 2.6099640687135292e-06}, "arm_a": {"matched": false, "step": null, "b2_best_exact_train": 0.03307365871539193}, "arm_b": {"matched": true, "within_tol": false, "exact_read_step": 0, "n_steps": 250, "transient": true, "exact_read_eval_exact": {"6": 0.010986154219855923, "12": 0.002571342999880686, "24": 0.00040637587411146143, "48": 0.00011591524545981291}, "b2_eval_exact": {"6": 0.08935870676124115, "12": 0.022231147226198678, "24": 0.004795812109830875, "48": 0.0013097931436148}}}