{"seed": 1015, "L_exact_train": 1.617483563657029e-05, "b2_final_exact_train": 0.08131982930594238, "b2_best_exact_train": 0.04382243973851659, "ex_eval": {"6": 2.1548783218301817e-05, "12": 4.300178610558207e-06, "24": 1.0207401863754991e-06, "48": 3.9021871374108644e-07}, "b2_evalexact": {"6": 0.08203363627394751, "12": 0.02279129406023181, "24": 0.0052766648676828695, "48": 0.0012766660338064636}, "b2_matched": {"6": 0.1750629990323109, "12": 0.019499944850127536, "24": 0.0036534420091695386, "48": 0.0008346062860085836}, "floor_evalexact": {"6": 6.015671641382998e-05, "12": 1.3069294787482852e-05, "24": 2.257091474383532e-06, "48": 6.70838456519464e-07}, "arm_a": {"matched": false, "step": null, "b2_best_exact_train": 0.04382243973851659}, "arm_b": {"matched": true, "within_tol": false, "exact_read_step": 5, "n_steps": 250, "transient": true, "exact_read_eval_exact": {"6": 0.005337039551086063, "12": 0.001300708202084858, "24": 0.0003120384817144987, "48": 7.116007676411623e-05}, "b2_eval_exact": {"6": 0.08203363627394751, "12": 0.02279129406023181, "24": 0.0052766648676828695, "48": 0.0012766660338064636}}}