{"seed": 1013, "L_exact_train": 5.732153672069979e-06, "b2_final_exact_train": 0.07694003658786906, "b2_best_exact_train": 0.0011021467900955877, "ex_eval": {"6": 7.170779273017634e-06, "12": 1.526098745141012e-06, "24": 3.93868038766936e-07, "48": 9.785479095669246e-08}, "b2_evalexact": {"6": 0.0861796692902465, "12": 0.020852877426174938, "24": 0.005010388808220555, "48": 0.001210477166833949}, "b2_matched": {"6": 0.1771540244219759, "12": 0.018665951207600413, "24": 0.0034469529373726496, "48": 0.000758412777683426}, "floor_evalexact": {"6": 5.579152694082363e-05, "12": 9.881510935285697e-06, "24": 1.7734506637591335e-06, "48": 3.9431166156070704e-07}, "arm_a": {"matched": false, "step": null, "b2_best_exact_train": 0.0011021467900955877}, "arm_b": {"matched": true, "within_tol": false, "exact_read_step": 1, "n_steps": 250, "transient": true, "exact_read_eval_exact": {"6": 0.002893700892950524, "12": 0.0007570732345408849, "24": 0.00015781129035772148, "48": 3.424238663195335e-05}, "b2_eval_exact": {"6": 0.0861796692902465, "12": 0.020852877426174938, "24": 0.005010388808220555, "48": 0.001210477166833949}}}