{"seed": 1010, "L_exact_train": 0.0001273296884257843, "b2_final_exact_train": 0.08757978231305748, "b2_best_exact_train": 0.050736780255046555, "ex_eval": {"6": 0.00010643624375778363, "12": 3.821941336484389e-05, "24": 9.027294010207988e-06, "48": 2.7993142557839114e-06}, "b2_evalexact": {"6": 0.08330776789685436, "12": 0.022160602370193353, "24": 0.00541142431604514, "48": 0.0013087161615933157}, "b2_matched": {"6": 0.17515217530827243, "12": 0.018846258273762184, "24": 0.0036503888613149266, "48": 0.0008407754239124878}, "floor_evalexact": {"6": 0.0001258479925395744, "12": 3.423434463374712e-05, "24": 7.712046507440038e-06, "48": 2.3761131281672883e-06}, "arm_a": {"matched": false, "step": null, "b2_best_exact_train": 0.050736780255046555}, "arm_b": {"matched": true, "within_tol": false, "exact_read_step": 8, "n_steps": 250, "transient": true, "exact_read_eval_exact": {"6": 0.006595657653788608, "12": 0.00261151834605042, "24": 0.0005898923619041852, "48": 0.00012430281328837747}, "b2_eval_exact": {"6": 0.08330776789685436, "12": 0.022160602370193353, "24": 0.00541142431604514, "48": 0.0013087161615933157}}}