{"seed": 1016, "L_exact_train": 4.794747860009424e-06, "b2_final_exact_train": 0.07860344644731848, "b2_best_exact_train": 0.021748369707889334, "ex_eval": {"6": 9.913084560068042e-06, "12": 1.3101994072334686e-06, "24": 2.129755523038918e-07, "48": 1.1432652925969791e-07}, "b2_evalexact": {"6": 0.07943036954913714, "12": 0.020284457068891922, "24": 0.004772076712378799, "48": 0.0012005045687749553}, "b2_matched": {"6": 0.17531686734068863, "12": 0.01846140090423436, "24": 0.003459120828866103, "48": 0.0007489919689072929}, "floor_evalexact": {"6": 3.946254708404392e-05, "12": 6.384947233519576e-06, "24": 1.1662573547695079e-06, "48": 4.3146309777838425e-07}, "arm_a": {"matched": false, "step": null, "b2_best_exact_train": 0.021748369707889334}, "arm_b": {"matched": true, "within_tol": false, "exact_read_step": 2, "n_steps": 250, "transient": true, "exact_read_eval_exact": {"6": 0.0028713526370419953, "12": 0.0008100176026661069, "24": 0.00012467245487968144, "48": 3.820848688852956e-05}, "b2_eval_exact": {"6": 0.07943036954913714, "12": 0.020284457068891922, "24": 0.004772076712378799, "48": 0.0012005045687749553}}}