{"seed": 1003, "L_exact_train": 2.269868124707011e-06, "b2_final_exact_train": 0.07922191933082512, "b2_best_exact_train": 0.008546601731276008, "ex_eval": {"6": 1.9384262873569063e-06, "12": 5.079050143419667e-07, "24": 9.377737110058945e-08, "48": 1.933947299176394e-08}, "b2_evalexact": {"6": 0.08151075703273217, "12": 0.02180746681509427, "24": 0.0052027814423064, "48": 0.0012769768911710003}, "b2_matched": {"6": 0.17604151784860808, "12": 0.019131050822443867, "24": 0.0036916895282835963, "48": 0.0008063459069684103}, "floor_evalexact": {"6": 3.0320833723696676e-05, "12": 1.249716677994071e-05, "24": 2.6927660260336967e-06, "48": 6.592323176794857e-07}, "arm_a": {"matched": false, "step": null, "b2_best_exact_train": 0.008546601731276008}, "arm_b": {"matched": true, "within_tol": false, "exact_read_step": 0, "n_steps": 250, "transient": true, "exact_read_eval_exact": {"6": 0.0024255060385714017, "12": 0.0006639752625048567, "24": 0.00011884682013609641, "48": 2.647782189322099e-05}, "b2_eval_exact": {"6": 0.08151075703273217, "12": 0.02180746681509427, "24": 0.0052027814423064, "48": 0.0012769768911710003}}}