{"seed": 1005, "L_exact_train": 3.2929012566797276e-06, "b2_final_exact_train": 0.08232832157031637, "b2_best_exact_train": 0.0043135734189181174, "ex_eval": {"6": 2.48535717625582e-06, "12": 5.570426492052725e-07, "24": 1.1874434911253467e-07, "48": 2.040820260397641e-08}, "b2_evalexact": {"6": 0.07773707535302057, "12": 0.02260999808142919, "24": 0.005273954891467501, "48": 0.001301806190510443}, "b2_matched": {"6": 0.17415706979876402, "12": 0.01905147569098992, "24": 0.003545757821774124, "48": 0.0008266158437624328}, "floor_evalexact": {"6": 1.3572358576032482e-05, "12": 4.5471176389839786e-06, "24": 9.850698462411183e-07, "48": 2.427787898913463e-07}, "arm_a": {"matched": false, "step": null, "b2_best_exact_train": 0.0043135734189181174}, "arm_b": {"matched": true, "within_tol": false, "exact_read_step": 0, "n_steps": 250, "transient": true, "exact_read_eval_exact": {"6": 0.004197567557816689, "12": 0.0012993152465207588, "24": 0.000251386931144255, "48": 6.053169781999654e-05}, "b2_eval_exact": {"6": 0.07773707535302057, "12": 0.02260999808142919, "24": 0.005273954891467501, "48": 0.001301806190510443}}}