{"seed": 1007, "L_exact_train": 6.996062210869106e-06, "b2_final_exact_train": 0.08338613507447538, "b2_best_exact_train": 0.038275397105114566, "ex_eval": {"6": 8.280602606851936e-06, "12": 2.1793185249897935e-06, "24": 4.7420698583895726e-07, "48": 1.5065755372711322e-07}, "b2_evalexact": {"6": 0.08270952347276887, "12": 0.02085369491496165, "24": 0.005632717773977375, "48": 0.0013375168428711795}, "b2_matched": {"6": 0.1762899570171708, "12": 0.019108975002011364, "24": 0.0037384282298857725, "48": 0.000858279087787449}, "floor_evalexact": {"6": 4.681120979637532e-05, "12": 1.1894552921168052e-05, "24": 2.9341592189997427e-06, "48": 7.410833952440495e-07}, "arm_a": {"matched": false, "step": null, "b2_best_exact_train": 0.038275397105114566}, "arm_b": {"matched": true, "within_tol": false, "exact_read_step": 4, "n_steps": 250, "transient": true, "exact_read_eval_exact": {"6": 0.003523713485845498, "12": 0.0011557589164735034, "24": 0.00031254392092153644, "48": 7.212642594931235e-05}, "b2_eval_exact": {"6": 0.08270952347276887, "12": 0.02085369491496165, "24": 0.005632717773977375, "48": 0.0013375168428711795}}}