{"seed": 1008, "L_exact_train": 3.0498297098086104e-05, "b2_final_exact_train": 0.07857237428241141, "b2_best_exact_train": 0.03764898317074831, "ex_eval": {"6": 4.653207940614576e-05, "12": 1.2140375390518253e-05, "24": 2.334804304992527e-06, "48": 6.69950742312639e-07}, "b2_evalexact": {"6": 0.09136851234120474, "12": 0.02129058311888144, "24": 0.004945048406848925, "48": 0.0012240926903729506}, "b2_matched": {"6": 0.1781322375311669, "12": 0.018499202836907595, "24": 0.0034262538613571694, "48": 0.0007635086188434823}, "floor_evalexact": {"6": 0.0001216871529127237, "12": 2.020671356400479e-05, "24": 3.2552066904270995e-06, "48": 9.050490993111941e-07}, "arm_a": {"matched": false, "step": null, "b2_best_exact_train": 0.03764898317074831}, "arm_b": {"matched": true, "within_tol": false, "exact_read_step": 6, "n_steps": 250, "transient": true, "exact_read_eval_exact": {"6": 0.005648326479201195, "12": 0.0022268385353361514, "24": 0.00038222149698677413, "48": 9.45822054300286e-05}, "b2_eval_exact": {"6": 0.09136851234120474, "12": 0.02129058311888144, "24": 0.004945048406848925, "48": 0.0012240926903729506}}}