{
  "run_tag": "CONFIRMATORY",
  "probe": "maze",
  "regime": "control",
  "seed_pool": "HOLDOUT",
  "seed": 1016,
  "config": {
    "S": 6,
    "mults": [
      1,
      2,
      4,
      8
    ],
    "eps": 2.0,
    "hidden": 16,
    "steps": 250,
    "lr": 0.02,
    "n_train": 48,
    "n_test": 48,
    "k_grid": [
      1,
      2,
      4,
      8,
      16,
      32,
      64,
      128,
      256
    ],
    "b2_method": "jacobi",
    "match_target": "solve_adjoint"
  },
  "S": 6,
  "K_match": 7,
  "b2_method": "jacobi",
  "match_target": "solve_adjoint",
  "matched_compute": {
    "exact_solve_adjoint_flops": 5284.0,
    "b2_one_step_solve_adjoint_flops": 768
  },
  "eps": 2.0,
  "sizes": [
    6,
    12,
    24,
    48
  ],
  "k_grid": [
    1,
    2,
    4,
    8,
    16,
    32,
    64,
    128,
    256
  ],
  "exact": {
    "6": 1.570457123417228e-07,
    "12": 2.392136754029429e-08,
    "24": 4.577934272189236e-09,
    "48": 2.8905240782507587e-09
  },
  "b2_matched": {
    "6": 8.550860805851618e-07,
    "12": 1.9676838530159696e-07,
    "24": 5.750503601941432e-08,
    "48": 1.1833618731597215e-08
  },
  "b1": {
    "6": 0.001601713406252221,
    "12": 0.00033563263123179116,
    "24": 6.94376691711178e-05,
    "48": 2.135213316938838e-05
  },
  "baseline": {
    "6": 0.0015652008444052344,
    "12": 0.00046251084810701356,
    "24": 0.0002448954720564099,
    "48": 0.00020965364861783738
  },
  "swap": {
    "train_exact__eval_exact": {
      "6": 1.570457123417228e-07,
      "12": 2.392136754029429e-08,
      "24": 4.577934272189236e-09,
      "48": 2.8905240782507587e-09
    },
    "train_exact__eval_b2": {
      "6": 9.071035314200797e-07,
      "12": 2.0306391591320224e-07,
      "24": 5.712814971477388e-08,
      "48": 1.2378098577770998e-08
    },
    "train_b2__eval_exact": {
      "6": 1.6708823603215838e-07,
      "12": 3.560813337548091e-08,
      "24": 1.1031114740612952e-08,
      "48": 3.455705706827444e-09
    },
    "train_b2__eval_b2": {
      "6": 8.550860805851618e-07,
      "12": 1.9676838530159696e-07,
      "24": 5.750503601941432e-08,
      "48": 1.1833618731597215e-08
    }
  },
  "bank": {
    "1": {
      "6": 0.00024738748282466134,
      "12": 5.588283648839229e-05,
      "24": 1.3257765882372193e-05,
      "48": 2.825799620162029e-06
    },
    "2": {
      "6": 5.1717590658548364e-05,
      "12": 1.2243993669798062e-05,
      "24": 3.1821482875132693e-06,
      "48": 6.341047646451678e-07
    },
    "4": {
      "6": 8.63289139428675e-06,
      "12": 2.0663194270386902e-06,
      "24": 5.78269932432079e-07,
      "48": 1.0867712768020042e-07
    },
    "8": {
      "6": 4.5077586131368974e-07,
      "12": 9.668102390534939e-08,
      "24": 2.7062555316805052e-08,
      "48": 6.7466551828614315e-09
    },
    "16": {
      "6": 1.5742444319203466e-07,
      "12": 2.4062381892134606e-08,
      "24": 4.626920198893095e-09,
      "48": 2.8944975379219144e-09
    },
    "32": {
      "6": 1.570455066570311e-07,
      "12": 2.3921424387262946e-08,
      "24": 4.577943518931557e-09,
      "48": 2.890522837789104e-09
    },
    "64": {
      "6": 1.5704571234058007e-07,
      "12": 2.3921367540767245e-08,
      "24": 4.577934272213154e-09,
      "48": 2.890524078283585e-09
    },
    "128": {
      "6": 1.5704571234171546e-07,
      "12": 2.3921367540292946e-08,
      "24": 4.577934272189137e-09,
      "48": 2.8905240782505718e-09
    },
    "256": {
      "6": 1.5704571234171835e-07,
      "12": 2.3921367540293337e-08,
      "24": 4.577934272189096e-09,
      "48": 2.890524078250624e-09
    }
  },
  "seconds": 195.61878090002574
}