{
  "run_tag": "CONFIRMATORY",
  "probe": "maze",
  "regime": "control",
  "seed_pool": "HOLDOUT",
  "seed": 1017,
  "config": {
    "S": 6,
    "mults": [
      1,
      2,
      4,
      8
    ],
    "eps": 2.0,
    "hidden": 16,
    "steps": 250,
    "lr": 0.02,
    "n_train": 48,
    "n_test": 48,
    "k_grid": [
      1,
      2,
      4,
      8,
      16,
      32,
      64,
      128,
      256
    ],
    "b2_method": "jacobi",
    "match_target": "solve_adjoint"
  },
  "S": 6,
  "K_match": 7,
  "b2_method": "jacobi",
  "match_target": "solve_adjoint",
  "matched_compute": {
    "exact_solve_adjoint_flops": 5284.0,
    "b2_one_step_solve_adjoint_flops": 768
  },
  "eps": 2.0,
  "sizes": [
    6,
    12,
    24,
    48
  ],
  "k_grid": [
    1,
    2,
    4,
    8,
    16,
    32,
    64,
    128,
    256
  ],
  "exact": {
    "6": 6.62388008840338e-08,
    "12": 1.4355868960758038e-08,
    "24": 4.2533350672981004e-09,
    "48": 1.0308045967782374e-09
  },
  "b2_matched": {
    "6": 7.654148936722207e-07,
    "12": 1.9492421771418663e-07,
    "24": 4.1221347774096545e-08,
    "48": 1.0093952869365324e-08
  },
  "b1": {
    "6": 0.0015436733326745912,
    "12": 0.00033899260040689606,
    "24": 8.280745851404804e-05,
    "48": 2.0741610677576182e-05
  },
  "baseline": {
    "6": 0.0015099624522034215,
    "12": 0.00046425252694050426,
    "24": 0.0002577362967710609,
    "48": 0.00020921728099653858
  },
  "swap": {
    "train_exact__eval_exact": {
      "6": 6.62388008840338e-08,
      "12": 1.4355868960758038e-08,
      "24": 4.2533350672981004e-09,
      "48": 1.0308045967782374e-09
    },
    "train_exact__eval_b2": {
      "6": 7.985481431058863e-07,
      "12": 1.9560041797412728e-07,
      "24": 4.143780693426219e-08,
      "48": 1.0186889320126146e-08
    },
    "train_b2__eval_exact": {
      "6": 8.741115702391483e-08,
      "12": 3.236351393106926e-08,
      "24": 8.22124353439362e-09,
      "48": 1.9894997460163016e-09
    },
    "train_b2__eval_b2": {
      "6": 7.654148936722207e-07,
      "12": 1.9492421771418663e-07,
      "24": 4.1221347774096545e-08,
      "48": 1.0093952869365324e-08
    }
  },
  "bank": {
    "1": {
      "6": 0.0002551772175911314,
      "12": 5.499903422202646e-05,
      "24": 1.2245510748343662e-05,
      "48": 3.113036108258811e-06
    },
    "2": {
      "6": 5.307097024332403e-05,
      "12": 1.2436126640617781e-05,
      "24": 2.7198170578814264e-06,
      "48": 6.572503776719416e-07
    },
    "4": {
      "6": 8.691408601387314e-06,
      "12": 2.135562868337563e-06,
      "24": 4.526848457660447e-07,
      "48": 1.086400939231122e-07
    },
    "8": {
      "6": 3.5619843621963365e-07,
      "12": 9.190966909544767e-08,
      "24": 1.9592258831599207e-08,
      "48": 4.8390631117376695e-09
    },
    "16": {
      "6": 6.674238569555807e-08,
      "12": 1.4491238488603101e-08,
      "24": 4.267140077290376e-09,
      "48": 1.034563818008879e-09
    },
    "32": {
      "6": 6.623899069332784e-08,
      "12": 1.4355863144399342e-08,
      "24": 4.2533134532049526e-09,
      "48": 1.0307966604934573e-09
    },
    "64": {
      "6": 6.623880088421978e-08,
      "12": 1.4355868960821903e-08,
      "24": 4.253335067182168e-09,
      "48": 1.0308045967144918e-09
    },
    "128": {
      "6": 6.623880088403316e-08,
      "12": 1.4355868960757823e-08,
      "24": 4.253335067298096e-09,
      "48": 1.030804596778232e-09
    },
    "256": {
      "6": 6.623880088403216e-08,
      "12": 1.4355868960757783e-08,
      "24": 4.253335067298117e-09,
      "48": 1.0308045967782329e-09
    }
  },
  "seconds": 197.1818145000143
}