{
  "run_tag": "CONFIRMATORY",
  "probe": "maze",
  "regime": "control",
  "seed_pool": "HOLDOUT",
  "seed": 1007,
  "config": {
    "S": 6,
    "mults": [
      1,
      2,
      4,
      8
    ],
    "eps": 2.0,
    "hidden": 16,
    "steps": 250,
    "lr": 0.02,
    "n_train": 48,
    "n_test": 48,
    "k_grid": [
      1,
      2,
      4,
      8,
      16,
      32,
      64,
      128,
      256
    ],
    "b2_method": "jacobi",
    "match_target": "solve_adjoint"
  },
  "S": 6,
  "K_match": 7,
  "b2_method": "jacobi",
  "match_target": "solve_adjoint",
  "matched_compute": {
    "exact_solve_adjoint_flops": 5284.0,
    "b2_one_step_solve_adjoint_flops": 768
  },
  "eps": 2.0,
  "sizes": [
    6,
    12,
    24,
    48
  ],
  "k_grid": [
    1,
    2,
    4,
    8,
    16,
    32,
    64,
    128,
    256
  ],
  "exact": {
    "6": 5.8134590419097244e-08,
    "12": 7.667919145865319e-09,
    "24": 2.721534461462756e-09,
    "48": 5.964714025358027e-10
  },
  "b2_matched": {
    "6": 6.930959361207307e-07,
    "12": 1.5899698711357133e-07,
    "24": 4.01490595930014e-08,
    "48": 9.845417511458143e-09
  },
  "b1": {
    "6": 0.001604127274749946,
    "12": 0.000337112047799866,
    "24": 8.303469100891665e-05,
    "48": 2.0374861190703058e-05
  },
  "baseline": {
    "6": 0.0015785638578159787,
    "12": 0.00045851437052548294,
    "24": 0.00025850378923411273,
    "48": 0.00020880783969722948
  },
  "swap": {
    "train_exact__eval_exact": {
      "6": 5.8134590419097244e-08,
      "12": 7.667919145865319e-09,
      "24": 2.721534461462756e-09,
      "48": 5.964714025358027e-10
    },
    "train_exact__eval_b2": {
      "6": 7.103706243581645e-07,
      "12": 1.6197949895301506e-07,
      "24": 4.2304075522545756e-08,
      "48": 1.0315153957064842e-08
    },
    "train_b2__eval_exact": {
      "6": 9.626065167955462e-08,
      "12": 2.4394957487823202e-08,
      "24": 5.873899640945343e-09,
      "48": 1.5965489080534142e-09
    },
    "train_b2__eval_b2": {
      "6": 6.930959361207307e-07,
      "12": 1.5899698711357133e-07,
      "24": 4.01490595930014e-08,
      "48": 9.845417511458143e-09
    }
  },
  "bank": {
    "1": {
      "6": 0.00025310209861443487,
      "12": 5.102562717817275e-05,
      "24": 1.3436525098216153e-05,
      "48": 3.095924593335127e-06
    },
    "2": {
      "6": 5.1651118624711234e-05,
      "12": 1.1238511210760904e-05,
      "24": 2.937569300191573e-06,
      "48": 6.752798650506424e-07
    },
    "4": {
      "6": 8.318282581691146e-06,
      "12": 1.8640789717865424e-06,
      "24": 4.798219195777405e-07,
      "48": 1.1537798756507056e-07
    },
    "8": {
      "6": 3.1552641867374806e-07,
      "12": 7.060768280954355e-08,
      "24": 1.782448733343647e-08,
      "48": 4.435037338028126e-09
    },
    "16": {
      "6": 5.8555410502709093e-08,
      "12": 7.782838593570647e-09,
      "24": 2.7367117477677025e-09,
      "48": 6.028850082586587e-10
    },
    "32": {
      "6": 5.81348354786695e-08,
      "12": 7.667948880498052e-09,
      "24": 2.7215211459090983e-09,
      "48": 5.964738980125333e-10
    },
    "64": {
      "6": 5.8134590421664554e-08,
      "12": 7.667919146026346e-09,
      "24": 2.721534461413594e-09,
      "48": 5.964714025629724e-10
    },
    "128": {
      "6": 5.81345904190975e-08,
      "12": 7.667919145865094e-09,
      "24": 2.721534461462717e-09,
      "48": 5.964714025357872e-10
    },
    "256": {
      "6": 5.8134590419097244e-08,
      "12": 7.667919145865e-09,
      "24": 2.721534461462685e-09,
      "48": 5.964714025357692e-10
    }
  },
  "seconds": 249.19904060009867
}