{
  "run_tag": "CONFIRMATORY",
  "probe": "maze",
  "regime": "control",
  "seed_pool": "HOLDOUT",
  "seed": 1022,
  "config": {
    "S": 6,
    "mults": [
      1,
      2,
      4,
      8
    ],
    "eps": 2.0,
    "hidden": 16,
    "steps": 250,
    "lr": 0.02,
    "n_train": 48,
    "n_test": 48,
    "k_grid": [
      1,
      2,
      4,
      8,
      16,
      32,
      64,
      128,
      256
    ],
    "b2_method": "jacobi",
    "match_target": "solve_adjoint"
  },
  "S": 6,
  "K_match": 7,
  "b2_method": "jacobi",
  "match_target": "solve_adjoint",
  "matched_compute": {
    "exact_solve_adjoint_flops": 5284.0,
    "b2_one_step_solve_adjoint_flops": 768
  },
  "eps": 2.0,
  "sizes": [
    6,
    12,
    24,
    48
  ],
  "k_grid": [
    1,
    2,
    4,
    8,
    16,
    32,
    64,
    128,
    256
  ],
  "exact": {
    "6": 1.1888863608515256e-07,
    "12": 2.0112879039304804e-08,
    "24": 6.041434192297537e-09,
    "48": 1.0472955025108428e-09
  },
  "b2_matched": {
    "6": 6.395844130447597e-07,
    "12": 1.790996677788817e-07,
    "24": 4.56378043260259e-08,
    "48": 1.1914215369354251e-08
  },
  "b1": {
    "6": 0.0018430003500564606,
    "12": 0.0003559964802934952,
    "24": 8.102155856895863e-05,
    "48": 1.8677817539881595e-05
  },
  "baseline": {
    "6": 0.0018070876889521217,
    "12": 0.00048414554920298014,
    "24": 0.0002566404180024618,
    "48": 0.00020722337157393116
  },
  "swap": {
    "train_exact__eval_exact": {
      "6": 1.1888863608515256e-07,
      "12": 2.0112879039304804e-08,
      "24": 6.041434192297537e-09,
      "48": 1.0472955025108428e-09
    },
    "train_exact__eval_b2": {
      "6": 6.636723277986991e-07,
      "12": 1.838868018797835e-07,
      "24": 4.6551191190138345e-08,
      "48": 1.2212137107980193e-08
    },
    "train_b2__eval_exact": {
      "6": 1.3148546853943213e-07,
      "12": 3.0162196966170367e-08,
      "24": 9.151552742034282e-09,
      "48": 2.0787696565324965e-09
    },
    "train_b2__eval_b2": {
      "6": 6.395844130447597e-07,
      "12": 1.790996677788817e-07,
      "24": 4.56378043260259e-08,
      "48": 1.1914215369354251e-08
    }
  },
  "bank": {
    "1": {
      "6": 0.00022897032882080308,
      "12": 5.5167583859939876e-05,
      "24": 1.3159530753495321e-05,
      "48": 3.206303107161655e-06
    },
    "2": {
      "6": 4.7235015621829396e-05,
      "12": 1.1842661918808496e-05,
      "24": 2.888042248822366e-06,
      "48": 7.281401163051934e-07
    },
    "4": {
      "6": 7.322008406912142e-06,
      "12": 1.9501398627907046e-06,
      "24": 4.858419641122433e-07,
      "48": 1.2580031960671469e-07
    },
    "8": {
      "6": 3.2855985549796863e-07,
      "12": 8.520145477120473e-08,
      "24": 2.242376135370493e-08,
      "48": 5.6126778349385286e-09
    },
    "16": {
      "6": 1.1877549500329469e-07,
      "12": 2.0129199898432056e-08,
      "24": 6.0535390054479615e-09,
      "48": 1.0537583049420296e-09
    },
    "32": {
      "6": 1.1888789892537337e-07,
      "12": 2.0112697866308835e-08,
      "24": 6.04140573259526e-09,
      "48": 1.0472919392424957e-09
    },
    "64": {
      "6": 1.1888863607472774e-07,
      "12": 2.011287903829395e-08,
      "24": 6.041434192115539e-09,
      "48": 1.0472955025120343e-09
    },
    "128": {
      "6": 1.1888863608515283e-07,
      "12": 2.011287903930518e-08,
      "24": 6.0414341922974906e-09,
      "48": 1.0472955025108394e-09
    },
    "256": {
      "6": 1.188886360851537e-07,
      "12": 2.0112879039305377e-08,
      "24": 6.0414341922975195e-09,
      "48": 1.0472955025108535e-09
    }
  },
  "seconds": 228.35527150006965
}