{
  "run_tag": "CONFIRMATORY",
  "probe": "maze",
  "regime": "control",
  "seed_pool": "HOLDOUT",
  "seed": 1018,
  "config": {
    "S": 6,
    "mults": [
      1,
      2,
      4,
      8
    ],
    "eps": 2.0,
    "hidden": 16,
    "steps": 250,
    "lr": 0.02,
    "n_train": 48,
    "n_test": 48,
    "k_grid": [
      1,
      2,
      4,
      8,
      16,
      32,
      64,
      128,
      256
    ],
    "b2_method": "jacobi",
    "match_target": "solve_adjoint"
  },
  "S": 6,
  "K_match": 7,
  "b2_method": "jacobi",
  "match_target": "solve_adjoint",
  "matched_compute": {
    "exact_solve_adjoint_flops": 5284.0,
    "b2_one_step_solve_adjoint_flops": 768
  },
  "eps": 2.0,
  "sizes": [
    6,
    12,
    24,
    48
  ],
  "k_grid": [
    1,
    2,
    4,
    8,
    16,
    32,
    64,
    128,
    256
  ],
  "exact": {
    "6": 2.423626279053424e-07,
    "12": 4.626608667107097e-08,
    "24": 1.1576962767069088e-08,
    "48": 2.795327450462096e-09
  },
  "b2_matched": {
    "6": 8.291050972195515e-07,
    "12": 1.9806291827617746e-07,
    "24": 5.187057943687018e-08,
    "48": 1.1958532290575562e-08
  },
  "b1": {
    "6": 0.0016473351300767814,
    "12": 0.00035570489935506306,
    "24": 8.448849298300818e-05,
    "48": 1.9066935929316134e-05
  },
  "baseline": {
    "6": 0.0016111113761419285,
    "12": 0.000484219062132136,
    "24": 0.00026043326625834276,
    "48": 0.00020758415350339914
  },
  "swap": {
    "train_exact__eval_exact": {
      "6": 2.423626279053424e-07,
      "12": 4.626608667107097e-08,
      "24": 1.1576962767069088e-08,
      "48": 2.795327450462096e-09
    },
    "train_exact__eval_b2": {
      "6": 8.333613994659162e-07,
      "12": 2.0311209972598796e-07,
      "24": 5.449879080827492e-08,
      "48": 1.2978710696440273e-08
    },
    "train_b2__eval_exact": {
      "6": 2.733472483526676e-07,
      "12": 5.315322915489861e-08,
      "24": 1.2674011782421208e-08,
      "48": 2.617761153520788e-09
    },
    "train_b2__eval_b2": {
      "6": 8.291050972195515e-07,
      "12": 1.9806291827617746e-07,
      "24": 5.187057943687018e-08,
      "48": 1.1958532290575562e-08
    }
  },
  "bank": {
    "1": {
      "6": 0.0002492495069255475,
      "12": 5.3737847053325096e-05,
      "24": 1.2888080384331467e-05,
      "48": 3.0447404797382847e-06
    },
    "2": {
      "6": 5.147672613414674e-05,
      "12": 1.1540336066248321e-05,
      "24": 2.7745341895026714e-06,
      "48": 6.838795161398298e-07
    },
    "4": {
      "6": 8.085207264894392e-06,
      "12": 1.911361001972343e-06,
      "24": 4.7004688422292915e-07,
      "48": 1.1358281848462019e-07
    },
    "8": {
      "6": 4.855643080740199e-07,
      "12": 1.0831498023706485e-07,
      "24": 2.8536374454143082e-08,
      "48": 6.672941655013457e-09
    },
    "16": {
      "6": 2.4285639921473895e-07,
      "12": 4.6341966027023185e-08,
      "24": 1.1615861670306959e-08,
      "48": 2.805646009571533e-09
    },
    "32": {
      "6": 2.423634476820801e-07,
      "12": 4.626613731059755e-08,
      "24": 1.1577002376249318e-08,
      "48": 2.7953428357267604e-09
    },
    "64": {
      "6": 2.4236262796246983e-07,
      "12": 4.6266086679230764e-08,
      "24": 1.1576962769857378e-08,
      "48": 2.7953274511581274e-09
    },
    "128": {
      "6": 2.4236262790534223e-07,
      "12": 4.626608667107185e-08,
      "24": 1.1576962767069304e-08,
      "48": 2.795327450462141e-09
    },
    "256": {
      "6": 2.423626279053422e-07,
      "12": 4.626608667107185e-08,
      "24": 1.157696276706926e-08,
      "48": 2.795327450462108e-09
    }
  },
  "seconds": 228.2552069000667
}