{
  "run_tag": "CONFIRMATORY",
  "probe": "maze",
  "regime": "control",
  "seed_pool": "HOLDOUT",
  "seed": 1015,
  "config": {
    "S": 6,
    "mults": [
      1,
      2,
      4,
      8
    ],
    "eps": 2.0,
    "hidden": 16,
    "steps": 250,
    "lr": 0.02,
    "n_train": 48,
    "n_test": 48,
    "k_grid": [
      1,
      2,
      4,
      8,
      16,
      32,
      64,
      128,
      256
    ],
    "b2_method": "jacobi",
    "match_target": "solve_adjoint"
  },
  "S": 6,
  "K_match": 7,
  "b2_method": "jacobi",
  "match_target": "solve_adjoint",
  "matched_compute": {
    "exact_solve_adjoint_flops": 5284.0,
    "b2_one_step_solve_adjoint_flops": 768
  },
  "eps": 2.0,
  "sizes": [
    6,
    12,
    24,
    48
  ],
  "k_grid": [
    1,
    2,
    4,
    8,
    16,
    32,
    64,
    128,
    256
  ],
  "exact": {
    "6": 5.64804539264214e-08,
    "12": 1.2726476698143663e-08,
    "24": 3.274173708664691e-09,
    "48": 1.1335839568547998e-09
  },
  "b2_matched": {
    "6": 6.914094237710586e-07,
    "12": 1.8691069989627687e-07,
    "24": 4.506810915742022e-08,
    "48": 1.1324306882433985e-08
  },
  "b1": {
    "6": 0.0017176308341062972,
    "12": 0.0003508089431941016,
    "24": 7.891363447267163e-05,
    "48": 2.0516108975428766e-05
  },
  "baseline": {
    "6": 0.00167841842125289,
    "12": 0.0004770421680088761,
    "24": 0.00025452386169725624,
    "48": 0.00020891866556232064
  },
  "swap": {
    "train_exact__eval_exact": {
      "6": 5.64804539264214e-08,
      "12": 1.2726476698143663e-08,
      "24": 3.274173708664691e-09,
      "48": 1.1335839568547998e-09
    },
    "train_exact__eval_b2": {
      "6": 7.097412533834969e-07,
      "12": 1.8849878665216269e-07,
      "24": 4.460655555827809e-08,
      "48": 1.0693577499778301e-08
    },
    "train_b2__eval_exact": {
      "6": 9.005155268535244e-08,
      "12": 3.106194690322329e-08,
      "24": 8.80518527924372e-09,
      "48": 3.013994036532849e-09
    },
    "train_b2__eval_b2": {
      "6": 6.914094237710586e-07,
      "12": 1.8691069989627687e-07,
      "24": 4.506810915742022e-08,
      "48": 1.1324306882433985e-08
    }
  },
  "bank": {
    "1": {
      "6": 0.00023546218173229575,
      "12": 5.466823435490868e-05,
      "24": 1.3666165740456274e-05,
      "48": 3.0247147804339878e-06
    },
    "2": {
      "6": 4.876034205432477e-05,
      "12": 1.193845331197488e-05,
      "24": 2.939629602632762e-06,
      "48": 6.853904598001899e-07
    },
    "4": {
      "6": 7.859160425722693e-06,
      "12": 2.025271785378142e-06,
      "24": 4.935739603139197e-07,
      "48": 1.1765062064946124e-07
    },
    "8": {
      "6": 3.2054345304457073e-07,
      "12": 8.311132201418735e-08,
      "24": 2.053677912842399e-08,
      "48": 5.285785923580511e-09
    },
    "16": {
      "6": 5.703316427218413e-08,
      "12": 1.2803616487220222e-08,
      "24": 3.307649456923581e-09,
      "48": 1.1382807701850246e-09
    },
    "32": {
      "6": 5.6480729364604185e-08,
      "12": 1.2726385243896691e-08,
      "24": 3.2741816031189698e-09,
      "48": 1.1335718533015212e-09
    },
    "64": {
      "6": 5.648045392809315e-08,
      "12": 1.2726476697540755e-08,
      "24": 3.274173708758459e-09,
      "48": 1.133583956690475e-09
    },
    "128": {
      "6": 5.648045392642085e-08,
      "12": 1.2726476698143551e-08,
      "24": 3.2741737086646673e-09,
      "48": 1.133583956854802e-09
    },
    "256": {
      "6": 5.648045392642156e-08,
      "12": 1.2726476698143678e-08,
      "24": 3.274173708664649e-09,
      "48": 1.1335839568548116e-09
    }
  },
  "seconds": 197.34815530001651
}