{
  "run_tag": "CONFIRMATORY",
  "probe": "maze",
  "regime": "control",
  "seed_pool": "HOLDOUT",
  "seed": 1014,
  "config": {
    "S": 6,
    "mults": [
      1,
      2,
      4,
      8
    ],
    "eps": 2.0,
    "hidden": 16,
    "steps": 250,
    "lr": 0.02,
    "n_train": 48,
    "n_test": 48,
    "k_grid": [
      1,
      2,
      4,
      8,
      16,
      32,
      64,
      128,
      256
    ],
    "b2_method": "jacobi",
    "match_target": "solve_adjoint"
  },
  "S": 6,
  "K_match": 7,
  "b2_method": "jacobi",
  "match_target": "solve_adjoint",
  "matched_compute": {
    "exact_solve_adjoint_flops": 5284.0,
    "b2_one_step_solve_adjoint_flops": 768
  },
  "eps": 2.0,
  "sizes": [
    6,
    12,
    24,
    48
  ],
  "k_grid": [
    1,
    2,
    4,
    8,
    16,
    32,
    64,
    128,
    256
  ],
  "exact": {
    "6": 1.312129784864581e-07,
    "12": 3.535465941082709e-08,
    "24": 5.1249758708814294e-09,
    "48": 1.405211918421422e-09
  },
  "b2_matched": {
    "6": 7.133134989733721e-07,
    "12": 2.0109044202420092e-07,
    "24": 4.181668530664956e-08,
    "48": 1.2443167195406174e-08
  },
  "b1": {
    "6": 0.0016120188155783557,
    "12": 0.0003625115513391689,
    "24": 8.568332882994717e-05,
    "48": 1.9044113146287447e-05
  },
  "baseline": {
    "6": 0.0015646492623029545,
    "12": 0.0004883685689822106,
    "24": 0.00026149791435320846,
    "48": 0.00020759649605211203
  },
  "swap": {
    "train_exact__eval_exact": {
      "6": 1.312129784864581e-07,
      "12": 3.535465941082709e-08,
      "24": 5.1249758708814294e-09,
      "48": 1.405211918421422e-09
    },
    "train_exact__eval_b2": {
      "6": 7.315464840010819e-07,
      "12": 2.1248624708654973e-07,
      "24": 4.3254647273591817e-08,
      "48": 1.3005608099928915e-08
    },
    "train_b2__eval_exact": {
      "6": 1.5186224954757235e-07,
      "12": 3.938739078319761e-08,
      "24": 7.470891487593147e-09,
      "48": 2.082950984009675e-09
    },
    "train_b2__eval_b2": {
      "6": 7.133134989733721e-07,
      "12": 2.0109044202420092e-07,
      "24": 4.181668530664956e-08,
      "48": 1.2443167195406174e-08
    }
  },
  "bank": {
    "1": {
      "6": 0.00023685281943584387,
      "12": 5.571647749774219e-05,
      "24": 1.2616519455291926e-05,
      "48": 3.1824965486892186e-06
    },
    "2": {
      "6": 4.9490258497071955e-05,
      "12": 1.2249323796109748e-05,
      "24": 2.721803932648164e-06,
      "48": 7.276813558285625e-07
    },
    "4": {
      "6": 7.864706328235271e-06,
      "12": 2.049797623818267e-06,
      "24": 4.479116104233368e-07,
      "48": 1.2641269030200996e-07
    },
    "8": {
      "6": 3.681140585213843e-07,
      "12": 1.03069817539915e-07,
      "24": 2.0545025399797792e-08,
      "48": 6.1366290444627494e-09
    },
    "16": {
      "6": 1.3142142359465445e-07,
      "12": 3.540046847194872e-08,
      "24": 5.154748649549409e-09,
      "48": 1.4134592702859676e-09
    },
    "32": {
      "6": 1.3121290750458198e-07,
      "12": 3.5354546415678364e-08,
      "24": 5.124981789178165e-09,
      "48": 1.405211901158944e-09
    },
    "64": {
      "6": 1.312129784927971e-07,
      "12": 3.5354659408392676e-08,
      "24": 5.124975871478799e-09,
      "48": 1.4052119187633282e-09
    },
    "128": {
      "6": 1.3121297848645904e-07,
      "12": 3.535465941082691e-08,
      "24": 5.1249758708814245e-09,
      "48": 1.4052119184214094e-09
    },
    "256": {
      "6": 1.3121297848645925e-07,
      "12": 3.535465941082691e-08,
      "24": 5.1249758708814865e-09,
      "48": 1.405211918421411e-09
    }
  },
  "seconds": 196.59812450001482
}