{
  "run_tag": "CONFIRMATORY",
  "probe": "maze",
  "regime": "control",
  "seed_pool": "HOLDOUT",
  "seed": 1021,
  "config": {
    "S": 6,
    "mults": [
      1,
      2,
      4,
      8
    ],
    "eps": 2.0,
    "hidden": 16,
    "steps": 250,
    "lr": 0.02,
    "n_train": 48,
    "n_test": 48,
    "k_grid": [
      1,
      2,
      4,
      8,
      16,
      32,
      64,
      128,
      256
    ],
    "b2_method": "jacobi",
    "match_target": "solve_adjoint"
  },
  "S": 6,
  "K_match": 7,
  "b2_method": "jacobi",
  "match_target": "solve_adjoint",
  "matched_compute": {
    "exact_solve_adjoint_flops": 5284.0,
    "b2_one_step_solve_adjoint_flops": 768
  },
  "eps": 2.0,
  "sizes": [
    6,
    12,
    24,
    48
  ],
  "k_grid": [
    1,
    2,
    4,
    8,
    16,
    32,
    64,
    128,
    256
  ],
  "exact": {
    "6": 1.212949888120452e-07,
    "12": 2.9363229426624724e-08,
    "24": 7.587828384660097e-09,
    "48": 2.1428353638049365e-09
  },
  "b2_matched": {
    "6": 7.647108344280459e-07,
    "12": 2.0063676479958578e-07,
    "24": 4.530465544977744e-08,
    "48": 1.2516412158309384e-08
  },
  "b1": {
    "6": 0.0015443691092208779,
    "12": 0.0003577661024947356,
    "24": 8.502870837127262e-05,
    "48": 1.9803595048284565e-05
  },
  "baseline": {
    "6": 0.0015107582203512623,
    "12": 0.00048501927330664104,
    "24": 0.0002607555665409344,
    "48": 0.0002081077499873175
  },
  "swap": {
    "train_exact__eval_exact": {
      "6": 1.212949888120452e-07,
      "12": 2.9363229426624724e-08,
      "24": 7.587828384660097e-09,
      "48": 2.1428353638049365e-09
    },
    "train_exact__eval_b2": {
      "6": 7.581421311864459e-07,
      "12": 1.934163980335915e-07,
      "24": 4.351158493933557e-08,
      "48": 1.1885746146482443e-08
    },
    "train_b2__eval_exact": {
      "6": 1.7556203024941314e-07,
      "12": 5.5071226589344405e-08,
      "24": 1.3643596774719774e-08,
      "48": 3.982507511266145e-09
    },
    "train_b2__eval_b2": {
      "6": 7.647108344280459e-07,
      "12": 2.0063676479958578e-07,
      "24": 4.530465544977744e-08,
      "48": 1.2516412158309384e-08
    }
  },
  "bank": {
    "1": {
      "6": 0.00025175837400287157,
      "12": 5.3775906302880094e-05,
      "24": 1.260679758410498e-05,
      "48": 3.0123360961887787e-06
    },
    "2": {
      "6": 5.097750260129309e-05,
      "12": 1.185746913842288e-05,
      "24": 2.6576643454415423e-06,
      "48": 6.90500449840437e-07
    },
    "4": {
      "6": 8.161188925628588e-06,
      "12": 2.03067679248174e-06,
      "24": 4.4740978819408493e-07,
      "48": 1.2231491971374603e-07
    },
    "8": {
      "6": 3.888352365254151e-07,
      "12": 1.0100781089427658e-07,
      "24": 2.3518428003618786e-08,
      "48": 6.5840398345146296e-09
    },
    "16": {
      "6": 1.2161196936247153e-07,
      "12": 2.9417261064747376e-08,
      "24": 7.599439726192977e-09,
      "48": 2.146621008705709e-09
    },
    "32": {
      "6": 1.2129466372589098e-07,
      "12": 2.9363124471970467e-08,
      "24": 7.58780199354304e-09,
      "48": 2.142823094671874e-09
    },
    "64": {
      "6": 1.2129498880846215e-07,
      "12": 2.9363229426362448e-08,
      "24": 7.587828384654694e-09,
      "48": 2.1428353637241396e-09
    },
    "128": {
      "6": 1.2129498881204534e-07,
      "12": 2.936322942662492e-08,
      "24": 7.587828384659978e-09,
      "48": 2.1428353638049167e-09
    },
    "256": {
      "6": 1.2129498881204515e-07,
      "12": 2.936322942662506e-08,
      "24": 7.587828384660048e-09,
      "48": 2.1428353638049345e-09
    }
  },
  "seconds": 235.38687559997197
}