{
  "run_tag": "CONFIRMATORY",
  "probe": "maze",
  "regime": "control",
  "seed_pool": "HOLDOUT",
  "seed": 1028,
  "config": {
    "S": 6,
    "mults": [
      1,
      2,
      4,
      8
    ],
    "eps": 2.0,
    "hidden": 16,
    "steps": 250,
    "lr": 0.02,
    "n_train": 48,
    "n_test": 48,
    "k_grid": [
      1,
      2,
      4,
      8,
      16,
      32,
      64,
      128,
      256
    ],
    "b2_method": "jacobi",
    "match_target": "solve_adjoint"
  },
  "S": 6,
  "K_match": 7,
  "b2_method": "jacobi",
  "match_target": "solve_adjoint",
  "matched_compute": {
    "exact_solve_adjoint_flops": 5284.0,
    "b2_one_step_solve_adjoint_flops": 768
  },
  "eps": 2.0,
  "sizes": [
    6,
    12,
    24,
    48
  ],
  "k_grid": [
    1,
    2,
    4,
    8,
    16,
    32,
    64,
    128,
    256
  ],
  "exact": {
    "6": 1.362943534738861e-07,
    "12": 1.4813707280042076e-08,
    "24": 4.2163874255590154e-09,
    "48": 1.4404924644506261e-09
  },
  "b2_matched": {
    "6": 7.892940316062354e-07,
    "12": 1.411348326198646e-07,
    "24": 4.584755375367384e-08,
    "48": 9.646155651743152e-09
  },
  "b1": {
    "6": 0.0015773436202131475,
    "12": 0.0003597907934417537,
    "24": 7.743256566328257e-05,
    "48": 2.218189223718127e-05
  },
  "baseline": {
    "6": 0.0015519060918746529,
    "12": 0.00048814178472333415,
    "24": 0.0002526845877686835,
    "48": 0.00021039447948310516
  },
  "swap": {
    "train_exact__eval_exact": {
      "6": 1.362943534738861e-07,
      "12": 1.4813707280042076e-08,
      "24": 4.2163874255590154e-09,
      "48": 1.4404924644506261e-09
    },
    "train_exact__eval_b2": {
      "6": 8.028966327106627e-07,
      "12": 1.4424422107598943e-07,
      "24": 4.712198258477512e-08,
      "48": 9.422139269404599e-09
    },
    "train_b2__eval_exact": {
      "6": 1.695465564431513e-07,
      "12": 2.1736723722595968e-08,
      "24": 6.955701207918763e-09,
      "48": 2.45442712797413e-09
    },
    "train_b2__eval_b2": {
      "6": 7.892940316062354e-07,
      "12": 1.411348326198646e-07,
      "24": 4.584755375367384e-08,
      "48": 9.646155651743152e-09
    }
  },
  "bank": {
    "1": {
      "6": 0.00027017077305743683,
      "12": 5.5701941328151136e-05,
      "24": 1.304826798530289e-05,
      "48": 2.8730690150227263e-06
    },
    "2": {
      "6": 5.500677937115957e-05,
      "12": 1.141072759974377e-05,
      "24": 2.9962216375841527e-06,
      "48": 6.108837348569371e-07
    },
    "4": {
      "6": 8.636981710032637e-06,
      "12": 1.742767594577524e-06,
      "24": 5.062746499936017e-07,
      "48": 9.885747838932018e-08
    },
    "8": {
      "6": 3.996169278004587e-07,
      "12": 6.510678413585984e-08,
      "24": 2.145607582641631e-08,
      "48": 4.892331773654199e-09
    },
    "16": {
      "6": 1.362990217139037e-07,
      "12": 1.4892205283549721e-08,
      "24": 4.251692781745555e-09,
      "48": 1.4463885979226773e-09
    },
    "32": {
      "6": 1.3629312777191153e-07,
      "12": 1.4813741899287204e-08,
      "24": 4.216411792179421e-09,
      "48": 1.4404873772483626e-09
    },
    "64": {
      "6": 1.3629435346372036e-07,
      "12": 1.481370728035033e-08,
      "24": 4.216387425753497e-09,
      "48": 1.4404924643807399e-09
    },
    "128": {
      "6": 1.362943534738858e-07,
      "12": 1.4813707280042056e-08,
      "24": 4.216387425558998e-09,
      "48": 1.4404924644506065e-09
    },
    "256": {
      "6": 1.3629435347388386e-07,
      "12": 1.4813707280041876e-08,
      "24": 4.216387425558962e-09,
      "48": 1.4404924644505709e-09
    }
  },
  "seconds": 244.54113809997216
}