{
  "run_tag": "CONFIRMATORY",
  "probe": "maze",
  "regime": "control",
  "seed_pool": "HOLDOUT",
  "seed": 1010,
  "config": {
    "S": 6,
    "mults": [
      1,
      2,
      4,
      8
    ],
    "eps": 2.0,
    "hidden": 16,
    "steps": 250,
    "lr": 0.02,
    "n_train": 48,
    "n_test": 48,
    "k_grid": [
      1,
      2,
      4,
      8,
      16,
      32,
      64,
      128,
      256
    ],
    "b2_method": "jacobi",
    "match_target": "solve_adjoint"
  },
  "S": 6,
  "K_match": 7,
  "b2_method": "jacobi",
  "match_target": "solve_adjoint",
  "matched_compute": {
    "exact_solve_adjoint_flops": 5284.0,
    "b2_one_step_solve_adjoint_flops": 768
  },
  "eps": 2.0,
  "sizes": [
    6,
    12,
    24,
    48
  ],
  "k_grid": [
    1,
    2,
    4,
    8,
    16,
    32,
    64,
    128,
    256
  ],
  "exact": {
    "6": 8.925961814403775e-08,
    "12": 1.3478442522804227e-08,
    "24": 3.806913791331587e-09,
    "48": 1.3212698263816345e-09
  },
  "b2_matched": {
    "6": 7.077329867736727e-07,
    "12": 1.7362892632549755e-07,
    "24": 4.325364826920085e-08,
    "48": 1.0724559709022996e-08
  },
  "b1": {
    "6": 0.0015751830593549012,
    "12": 0.00036344239768840375,
    "24": 8.466961922205337e-05,
    "48": 2.0622273338826525e-05
  },
  "baseline": {
    "6": 0.001543824462734128,
    "12": 0.0004894186034044439,
    "24": 0.0002600576586032635,
    "48": 0.00020896659895739948
  },
  "swap": {
    "train_exact__eval_exact": {
      "6": 8.925961814403775e-08,
      "12": 1.3478442522804227e-08,
      "24": 3.806913791331587e-09,
      "48": 1.3212698263816345e-09
    },
    "train_exact__eval_b2": {
      "6": 7.447348514893098e-07,
      "12": 1.790918044513119e-07,
      "24": 4.561535726150937e-08,
      "48": 1.1185077876051438e-08
    },
    "train_b2__eval_exact": {
      "6": 1.0420414278302472e-07,
      "12": 2.465328287404614e-08,
      "24": 6.375459953935033e-09,
      "48": 2.042931359215021e-09
    },
    "train_b2__eval_b2": {
      "6": 7.077329867736727e-07,
      "12": 1.7362892632549755e-07,
      "24": 4.325364826920085e-08,
      "48": 1.0724559709022996e-08
    }
  },
  "bank": {
    "1": {
      "6": 0.0002540966825715804,
      "12": 5.276959435216102e-05,
      "24": 1.2818030319527239e-05,
      "48": 2.9663395715504456e-06
    },
    "2": {
      "6": 5.045698313783173e-05,
      "12": 1.1462524303372643e-05,
      "24": 2.7671002120993325e-06,
      "48": 6.478320795180184e-07
    },
    "4": {
      "6": 8.02796075101899e-06,
      "12": 1.8999952268718157e-06,
      "24": 4.6276841780808477e-07,
      "48": 1.0962980110229391e-07
    },
    "8": {
      "6": 3.436182602545733e-07,
      "12": 8.07458939507857e-08,
      "24": 2.0786078985146196e-08,
      "48": 5.39453237830388e-09
    },
    "16": {
      "6": 8.960229542619054e-08,
      "12": 1.358590962220621e-08,
      "24": 3.848107131321721e-09,
      "48": 1.32904383898727e-09
    },
    "32": {
      "6": 8.925962650124664e-08,
      "12": 1.3478277502732815e-08,
      "24": 3.806930137138741e-09,
      "48": 1.3212692308444414e-09
    },
    "64": {
      "6": 8.925961815190967e-08,
      "12": 1.3478442524482268e-08,
      "24": 3.806913791781923e-09,
      "48": 1.321269826470192e-09
    },
    "128": {
      "6": 8.925961814403783e-08,
      "12": 1.3478442522804227e-08,
      "24": 3.806913791331608e-09,
      "48": 1.3212698263816198e-09
    },
    "256": {
      "6": 8.925961814403769e-08,
      "12": 1.3478442522804247e-08,
      "24": 3.8069137913315885e-09,
      "48": 1.321269826381625e-09
    }
  },
  "seconds": 250.12231209990568
}