{
  "run_tag": "CONFIRMATORY",
  "probe": "maze",
  "regime": "control",
  "seed_pool": "HOLDOUT",
  "seed": 1019,
  "config": {
    "S": 6,
    "mults": [
      1,
      2,
      4,
      8
    ],
    "eps": 2.0,
    "hidden": 16,
    "steps": 250,
    "lr": 0.02,
    "n_train": 48,
    "n_test": 48,
    "k_grid": [
      1,
      2,
      4,
      8,
      16,
      32,
      64,
      128,
      256
    ],
    "b2_method": "jacobi",
    "match_target": "solve_adjoint"
  },
  "S": 6,
  "K_match": 7,
  "b2_method": "jacobi",
  "match_target": "solve_adjoint",
  "matched_compute": {
    "exact_solve_adjoint_flops": 5284.0,
    "b2_one_step_solve_adjoint_flops": 768
  },
  "eps": 2.0,
  "sizes": [
    6,
    12,
    24,
    48
  ],
  "k_grid": [
    1,
    2,
    4,
    8,
    16,
    32,
    64,
    128,
    256
  ],
  "exact": {
    "6": 1.5323434728618426e-07,
    "12": 4.210083671477305e-08,
    "24": 1.2604240918192247e-08,
    "48": 3.2606605093962117e-09
  },
  "b2_matched": {
    "6": 7.158380051219318e-07,
    "12": 1.5831826583282374e-07,
    "24": 5.792988565260911e-08,
    "48": 1.3464000062346304e-08
  },
  "b1": {
    "6": 0.0015987447359710116,
    "12": 0.0003718489008668669,
    "24": 7.724732657923407e-05,
    "48": 1.940652827126252e-05
  },
  "baseline": {
    "6": 0.0015478920927424822,
    "12": 0.0004982995669599673,
    "24": 0.00025264054786572354,
    "48": 0.0002078744888509603
  },
  "swap": {
    "train_exact__eval_exact": {
      "6": 1.5323434728618426e-07,
      "12": 4.210083671477305e-08,
      "24": 1.2604240918192247e-08,
      "48": 3.2606605093962117e-09
    },
    "train_exact__eval_b2": {
      "6": 7.073696434206215e-07,
      "12": 1.6467615536693316e-07,
      "24": 5.258672472032736e-08,
      "48": 1.2461639990133824e-08
    },
    "train_b2__eval_exact": {
      "6": 1.9902954354021214e-07,
      "12": 4.6135929198634815e-08,
      "24": 2.2527743189961858e-08,
      "48": 5.364645719306987e-09
    },
    "train_b2__eval_b2": {
      "6": 7.158380051219318e-07,
      "12": 1.5831826583282374e-07,
      "24": 5.792988565260911e-08,
      "48": 1.3464000062346304e-08
    }
  },
  "bank": {
    "1": {
      "6": 0.00024298441740896667,
      "12": 5.3366130571095355e-05,
      "24": 1.296516769609765e-05,
      "48": 3.0992987499452754e-06
    },
    "2": {
      "6": 5.195742403576909e-05,
      "12": 1.1223186556213136e-05,
      "24": 2.974713584986919e-06,
      "48": 7.056683605916678e-07
    },
    "4": {
      "6": 8.035105545148207e-06,
      "12": 1.729436430368147e-06,
      "24": 5.285227044040613e-07,
      "48": 1.2360916831958845e-07
    },
    "8": {
      "6": 3.7311258371348945e-07,
      "12": 8.863474161080863e-08,
      "24": 3.167445466475804e-08,
      "48": 7.473829373547232e-09
    },
    "16": {
      "6": 1.532617560789409e-07,
      "12": 4.211063079675279e-08,
      "24": 1.2621910024131224e-08,
      "48": 3.2629310059997928e-09
    },
    "32": {
      "6": 1.5323412739785018e-07,
      "12": 4.2100850814354263e-08,
      "24": 1.2604208043153882e-08,
      "48": 3.2606532709306892e-09
    },
    "64": {
      "6": 1.5323434730393188e-07,
      "12": 4.210083671995428e-08,
      "24": 1.2604240919011553e-08,
      "48": 3.2606605096387626e-09
    },
    "128": {
      "6": 1.532343472861845e-07,
      "12": 4.210083671477312e-08,
      "24": 1.2604240918192389e-08,
      "48": 3.2606605093962212e-09
    },
    "256": {
      "6": 1.5323434728618416e-07,
      "12": 4.210083671477301e-08,
      "24": 1.2604240918192384e-08,
      "48": 3.2606605093962096e-09
    }
  },
  "seconds": 232.3403086999897
}