{
  "run_tag": "CONFIRMATORY",
  "probe": "maze",
  "regime": "control",
  "seed_pool": "HOLDOUT",
  "seed": 1024,
  "config": {
    "S": 6,
    "mults": [
      1,
      2,
      4,
      8
    ],
    "eps": 2.0,
    "hidden": 16,
    "steps": 250,
    "lr": 0.02,
    "n_train": 48,
    "n_test": 48,
    "k_grid": [
      1,
      2,
      4,
      8,
      16,
      32,
      64,
      128,
      256
    ],
    "b2_method": "jacobi",
    "match_target": "solve_adjoint"
  },
  "S": 6,
  "K_match": 7,
  "b2_method": "jacobi",
  "match_target": "solve_adjoint",
  "matched_compute": {
    "exact_solve_adjoint_flops": 5284.0,
    "b2_one_step_solve_adjoint_flops": 768
  },
  "eps": 2.0,
  "sizes": [
    6,
    12,
    24,
    48
  ],
  "k_grid": [
    1,
    2,
    4,
    8,
    16,
    32,
    64,
    128,
    256
  ],
  "exact": {
    "6": 3.019208780518647e-07,
    "12": 1.1235083221375171e-07,
    "24": 4.35750854447249e-08,
    "48": 1.220832770746835e-08
  },
  "b2_matched": {
    "6": 1.0315663337112753e-06,
    "12": 2.6169913305411757e-07,
    "24": 9.02147013728065e-08,
    "48": 2.3553487303343088e-08
  },
  "b1": {
    "6": 0.0014598720170051524,
    "12": 0.00036911452998968287,
    "24": 7.738764626259931e-05,
    "48": 1.9064085629733724e-05
  },
  "baseline": {
    "6": 0.0014131208286051887,
    "12": 0.0004970680607186825,
    "24": 0.00025296785844593634,
    "48": 0.00020750163822941262
  },
  "swap": {
    "train_exact__eval_exact": {
      "6": 3.019208780518647e-07,
      "12": 1.1235083221375171e-07,
      "24": 4.35750854447249e-08,
      "48": 1.220832770746835e-08
    },
    "train_exact__eval_b2": {
      "6": 1.027832261337967e-06,
      "12": 2.653122047795095e-07,
      "24": 8.624231668358924e-08,
      "48": 2.247648194351803e-08
    },
    "train_b2__eval_exact": {
      "6": 3.513457304546672e-07,
      "12": 1.1966888221106166e-07,
      "24": 5.1686668704477975e-08,
      "48": 1.4337749088228105e-08
    },
    "train_b2__eval_b2": {
      "6": 1.0315663337112753e-06,
      "12": 2.6169913305411757e-07,
      "24": 9.02147013728065e-08,
      "48": 2.3553487303343088e-08
    }
  },
  "bank": {
    "1": {
      "6": 0.00025477447435097824,
      "12": 5.4126082749517955e-05,
      "24": 1.2956087107718624e-05,
      "48": 3.14606035707757e-06
    },
    "2": {
      "6": 5.588571977146476e-05,
      "12": 1.1532454849258687e-05,
      "24": 2.9856540696031957e-06,
      "48": 7.317546299882948e-07
    },
    "4": {
      "6": 9.362496651940268e-06,
      "12": 1.9325786996111087e-06,
      "24": 5.491998197854848e-07,
      "48": 1.35687213326298e-07
    },
    "8": {
      "6": 6.006505176900863e-07,
      "12": 1.7489779491944535e-07,
      "24": 6.276417546133514e-08,
      "48": 1.6870638030857476e-08
    },
    "16": {
      "6": 3.0285102482112665e-07,
      "12": 1.1253276591844104e-07,
      "24": 4.363816618053134e-08,
      "48": 1.2216534671135751e-08
    },
    "32": {
      "6": 3.0192274732048434e-07,
      "12": 1.1235130899585489e-07,
      "24": 4.357527034057482e-08,
      "48": 1.2208361639374793e-08
    },
    "64": {
      "6": 3.019208781729141e-07,
      "12": 1.123508322563984e-07,
      "24": 4.357508545928789e-08,
      "48": 1.220832771167926e-08
    },
    "128": {
      "6": 3.019208780518643e-07,
      "12": 1.1235083221375138e-07,
      "24": 4.357508544472483e-08,
      "48": 1.2208327707468314e-08
    },
    "256": {
      "6": 3.0192087805186404e-07,
      "12": 1.1235083221375145e-07,
      "24": 4.3575085444724784e-08,
      "48": 1.2208327707468329e-08
    }
  },
  "seconds": 246.28225389996078
}