{
  "run_tag": "CONFIRMATORY",
  "probe": "maze",
  "regime": "control",
  "seed_pool": "HOLDOUT",
  "seed": 1029,
  "config": {
    "S": 6,
    "mults": [
      1,
      2,
      4,
      8
    ],
    "eps": 2.0,
    "hidden": 16,
    "steps": 250,
    "lr": 0.02,
    "n_train": 48,
    "n_test": 48,
    "k_grid": [
      1,
      2,
      4,
      8,
      16,
      32,
      64,
      128,
      256
    ],
    "b2_method": "jacobi",
    "match_target": "solve_adjoint"
  },
  "S": 6,
  "K_match": 7,
  "b2_method": "jacobi",
  "match_target": "solve_adjoint",
  "matched_compute": {
    "exact_solve_adjoint_flops": 5284.0,
    "b2_one_step_solve_adjoint_flops": 768
  },
  "eps": 2.0,
  "sizes": [
    6,
    12,
    24,
    48
  ],
  "k_grid": [
    1,
    2,
    4,
    8,
    16,
    32,
    64,
    128,
    256
  ],
  "exact": {
    "6": 3.121366795023148e-08,
    "12": 2.0474929206589424e-08,
    "24": 3.898884162918525e-09,
    "48": 1.2089123448282561e-09
  },
  "b2_matched": {
    "6": 6.019711051127994e-07,
    "12": 1.6960017626105414e-07,
    "24": 4.253973305873733e-08,
    "48": 1.3961720698613691e-08
  },
  "b1": {
    "6": 0.001599801670186461,
    "12": 0.00037981392155049954,
    "24": 8.577633200927669e-05,
    "48": 1.862555195419472e-05
  },
  "baseline": {
    "6": 0.001560834681845835,
    "12": 0.0005080705695186605,
    "24": 0.00026097337391176793,
    "48": 0.00020711610127660575
  },
  "swap": {
    "train_exact__eval_exact": {
      "6": 3.121366795023148e-08,
      "12": 2.0474929206589424e-08,
      "24": 3.898884162918525e-09,
      "48": 1.2089123448282561e-09
    },
    "train_exact__eval_b2": {
      "6": 6.348704131068569e-07,
      "12": 1.6912314533684136e-07,
      "24": 4.2937614261582455e-08,
      "48": 1.3416491289168608e-08
    },
    "train_b2__eval_exact": {
      "6": 3.515136996024665e-08,
      "12": 3.4338862615938295e-08,
      "24": 7.612547572717818e-09,
      "48": 3.2920533303785313e-09
    },
    "train_b2__eval_b2": {
      "6": 6.019711051127994e-07,
      "12": 1.6960017626105414e-07,
      "24": 4.253973305873733e-08,
      "48": 1.3961720698613691e-08
    }
  },
  "bank": {
    "1": {
      "6": 0.0002511443907203994,
      "12": 5.304499796129532e-05,
      "24": 1.2259846865570143e-05,
      "48": 3.2512861078767323e-06
    },
    "2": {
      "6": 5.2156863964406175e-05,
      "12": 1.1294675175773779e-05,
      "24": 2.7027585197252772e-06,
      "48": 7.409986514911899e-07
    },
    "4": {
      "6": 8.189983935090631e-06,
      "12": 1.862987952932804e-06,
      "24": 4.5752737864071633e-07,
      "48": 1.3204644679145755e-07
    },
    "8": {
      "6": 2.5877578203319294e-07,
      "12": 8.23150979399366e-08,
      "24": 2.002443373263368e-08,
      "48": 6.523298700866769e-09
    },
    "16": {
      "6": 3.147793606109046e-08,
      "12": 2.0527478305529085e-08,
      "24": 3.90629315430978e-09,
      "48": 1.2090567476722777e-09
    },
    "32": {
      "6": 3.121357999870296e-08,
      "12": 2.047482273250176e-08,
      "24": 3.898853092007855e-09,
      "48": 1.2088829528631703e-09
    },
    "64": {
      "6": 3.1213667949296526e-08,
      "12": 2.0474929206130924e-08,
      "24": 3.898884162844015e-09,
      "48": 1.2089123445601065e-09
    },
    "128": {
      "6": 3.1213667950232504e-08,
      "12": 2.047492920658949e-08,
      "24": 3.8988841629185356e-09,
      "48": 1.2089123448281699e-09
    },
    "256": {
      "6": 3.12136679502345e-08,
      "12": 2.0474929206589463e-08,
      "24": 3.898884162918606e-09,
      "48": 1.20891234482809e-09
    }
  },
  "seconds": 238.56108030001633
}