{
  "run_tag": "CONFIRMATORY",
  "probe": "maze",
  "regime": "control",
  "seed_pool": "HOLDOUT",
  "seed": 1009,
  "config": {
    "S": 6,
    "mults": [
      1,
      2,
      4,
      8
    ],
    "eps": 2.0,
    "hidden": 16,
    "steps": 250,
    "lr": 0.02,
    "n_train": 48,
    "n_test": 48,
    "k_grid": [
      1,
      2,
      4,
      8,
      16,
      32,
      64,
      128,
      256
    ],
    "b2_method": "jacobi",
    "match_target": "solve_adjoint"
  },
  "S": 6,
  "K_match": 7,
  "b2_method": "jacobi",
  "match_target": "solve_adjoint",
  "matched_compute": {
    "exact_solve_adjoint_flops": 5284.0,
    "b2_one_step_solve_adjoint_flops": 768
  },
  "eps": 2.0,
  "sizes": [
    6,
    12,
    24,
    48
  ],
  "k_grid": [
    1,
    2,
    4,
    8,
    16,
    32,
    64,
    128,
    256
  ],
  "exact": {
    "6": 6.167185888678762e-08,
    "12": 1.2889841790066167e-08,
    "24": 3.5063680454348774e-09,
    "48": 8.703527712844841e-10
  },
  "b2_matched": {
    "6": 7.92635415348284e-07,
    "12": 1.6762837299220727e-07,
    "24": 4.423585539773585e-08,
    "48": 1.1420971770401757e-08
  },
  "b1": {
    "6": 0.0014981066235687404,
    "12": 0.000340492945207679,
    "24": 7.884451837950941e-05,
    "48": 1.9254301100413688e-05
  },
  "baseline": {
    "6": 0.0014553312353914548,
    "12": 0.0004676665318143789,
    "24": 0.000253848204381857,
    "48": 0.00020768274055353535
  },
  "swap": {
    "train_exact__eval_exact": {
      "6": 6.167185888678762e-08,
      "12": 1.2889841790066167e-08,
      "24": 3.5063680454348774e-09,
      "48": 8.703527712844841e-10
    },
    "train_exact__eval_b2": {
      "6": 8.136798562505472e-07,
      "12": 1.7238772316851913e-07,
      "24": 4.4595761808300365e-08,
      "48": 1.154633624281851e-08
    },
    "train_b2__eval_exact": {
      "6": 9.520487766829911e-08,
      "12": 2.2048582383407078e-08,
      "24": 7.359870957172759e-09,
      "48": 1.8983691454373223e-09
    },
    "train_b2__eval_b2": {
      "6": 7.92635415348284e-07,
      "12": 1.6762837299220727e-07,
      "24": 4.423585539773585e-08,
      "48": 1.1420971770401757e-08
    }
  },
  "bank": {
    "1": {
      "6": 0.00025609781838292485,
      "12": 5.5482921853706965e-05,
      "24": 1.2624851829499537e-05,
      "48": 3.0889029854303528e-06
    },
    "2": {
      "6": 5.6599163976470495e-05,
      "12": 1.1885833827164598e-05,
      "24": 2.8540328593921754e-06,
      "48": 7.01180329391507e-07
    },
    "4": {
      "6": 9.194286479339949e-06,
      "12": 1.9338537588852727e-06,
      "24": 4.82180323545242e-07,
      "48": 1.216606051753478e-07
    },
    "8": {
      "6": 3.5643507074858807e-07,
      "12": 7.560701633290192e-08,
      "24": 2.036838695387926e-08,
      "48": 5.318500117022322e-09
    },
    "16": {
      "6": 6.187716218373415e-08,
      "12": 1.2934767125374281e-08,
      "24": 3.525181391788975e-09,
      "48": 8.756826388680764e-10
    },
    "32": {
      "6": 6.167153407573286e-08,
      "12": 1.2889762694497181e-08,
      "24": 3.5063520854857267e-09,
      "48": 8.703475160570522e-10
    },
    "64": {
      "6": 6.167185888560995e-08,
      "12": 1.2889841789719688e-08,
      "24": 3.5063680453699785e-09,
      "48": 8.703527712542181e-10
    },
    "128": {
      "6": 6.167185888678574e-08,
      "12": 1.2889841790066147e-08,
      "24": 3.5063680454348584e-09,
      "48": 8.70352771284465e-10
    },
    "256": {
      "6": 6.16718588867861e-08,
      "12": 1.2889841790066209e-08,
      "24": 3.50636804543486e-09,
      "48": 8.70352771284462e-10
    }
  },
  "seconds": 248.24786269990727
}