{
  "run_tag": "CONFIRMATORY",
  "probe": "maze",
  "regime": "control",
  "seed_pool": "HOLDOUT",
  "seed": 1025,
  "config": {
    "S": 6,
    "mults": [
      1,
      2,
      4,
      8
    ],
    "eps": 2.0,
    "hidden": 16,
    "steps": 250,
    "lr": 0.02,
    "n_train": 48,
    "n_test": 48,
    "k_grid": [
      1,
      2,
      4,
      8,
      16,
      32,
      64,
      128,
      256
    ],
    "b2_method": "jacobi",
    "match_target": "solve_adjoint"
  },
  "S": 6,
  "K_match": 7,
  "b2_method": "jacobi",
  "match_target": "solve_adjoint",
  "matched_compute": {
    "exact_solve_adjoint_flops": 5284.0,
    "b2_one_step_solve_adjoint_flops": 768
  },
  "eps": 2.0,
  "sizes": [
    6,
    12,
    24,
    48
  ],
  "k_grid": [
    1,
    2,
    4,
    8,
    16,
    32,
    64,
    128,
    256
  ],
  "exact": {
    "6": 1.7185713930945023e-07,
    "12": 3.306665289054154e-08,
    "24": 1.038274983407295e-08,
    "48": 3.1271232621586187e-09
  },
  "b2_matched": {
    "6": 1.053979741166755e-06,
    "12": 1.7469268843998827e-07,
    "24": 4.6300573954807783e-08,
    "48": 1.3279221494459713e-08
  },
  "b1": {
    "6": 0.0014458011362842294,
    "12": 0.00035287867973666153,
    "24": 8.377013593835163e-05,
    "48": 1.938998474213331e-05
  },
  "baseline": {
    "6": 0.0014098257582616234,
    "12": 0.0004817444405975948,
    "24": 0.00025931952237319536,
    "48": 0.0002079720324938797
  },
  "swap": {
    "train_exact__eval_exact": {
      "6": 1.7185713930945023e-07,
      "12": 3.306665289054154e-08,
      "24": 1.038274983407295e-08,
      "48": 3.1271232621586187e-09
    },
    "train_exact__eval_b2": {
      "6": 1.0405029698984395e-06,
      "12": 1.802944111193279e-07,
      "24": 4.4230011282858626e-08,
      "48": 1.2355408116420999e-08
    },
    "train_b2__eval_exact": {
      "6": 2.4929996298984155e-07,
      "12": 3.960768520822279e-08,
      "24": 1.567466008480153e-08,
      "48": 5.014833483765799e-09
    },
    "train_b2__eval_b2": {
      "6": 1.053979741166755e-06,
      "12": 1.7469268843998827e-07,
      "24": 4.6300573954807783e-08,
      "48": 1.3279221494459713e-08
    }
  },
  "bank": {
    "1": {
      "6": 0.0002671763025319257,
      "12": 5.5032429956124575e-05,
      "24": 1.2298138166144336e-05,
      "48": 3.209583310336621e-06
    },
    "2": {
      "6": 5.983611726449388e-05,
      "12": 1.1699330880598686e-05,
      "24": 2.683811642873108e-06,
      "48": 7.118859279662926e-07
    },
    "4": {
      "6": 1.0394311803082977e-05,
      "12": 1.885992596660003e-06,
      "24": 4.4811376264388474e-07,
      "48": 1.2176684946503998e-07
    },
    "8": {
      "6": 5.330679633672117e-07,
      "12": 9.026903554565082e-08,
      "24": 2.5305544877723477e-08,
      "48": 7.3582253459546e-09
    },
    "16": {
      "6": 1.7229923552398986e-07,
      "12": 3.311900297529356e-08,
      "24": 1.040464862564662e-08,
      "48": 3.13514490259274e-09
    },
    "32": {
      "6": 1.7185746214942832e-07,
      "12": 3.3066747133928895e-08,
      "24": 1.0382779799662109e-08,
      "48": 3.12713744305047e-09
    },
    "64": {
      "6": 1.7185713940202339e-07,
      "12": 3.3066652907561745e-08,
      "24": 1.0382749840526279e-08,
      "48": 3.127123263757447e-09
    },
    "128": {
      "6": 1.7185713930944936e-07,
      "12": 3.306665289054182e-08,
      "24": 1.0382749834073094e-08,
      "48": 3.127123262158617e-09
    },
    "256": {
      "6": 1.7185713930944938e-07,
      "12": 3.3066652890541585e-08,
      "24": 1.0382749834073082e-08,
      "48": 3.1271232621586224e-09
    }
  },
  "seconds": 237.43371489993297
}