{
  "run_tag": "CONFIRMATORY",
  "probe": "maze",
  "regime": "control",
  "seed_pool": "HOLDOUT",
  "seed": 1002,
  "config": {
    "S": 6,
    "mults": [
      1,
      2,
      4,
      8
    ],
    "eps": 2.0,
    "hidden": 16,
    "steps": 250,
    "lr": 0.02,
    "n_train": 48,
    "n_test": 48,
    "k_grid": [
      1,
      2,
      4,
      8,
      16,
      32,
      64,
      128,
      256
    ],
    "b2_method": "jacobi",
    "match_target": "solve_adjoint"
  },
  "S": 6,
  "K_match": 7,
  "b2_method": "jacobi",
  "match_target": "solve_adjoint",
  "matched_compute": {
    "exact_solve_adjoint_flops": 5284.0,
    "b2_one_step_solve_adjoint_flops": 768
  },
  "eps": 2.0,
  "sizes": [
    6,
    12,
    24,
    48
  ],
  "k_grid": [
    1,
    2,
    4,
    8,
    16,
    32,
    64,
    128,
    256
  ],
  "exact": {
    "6": 5.721627891176163e-08,
    "12": 1.0902119006524697e-08,
    "24": 5.303688607697173e-09,
    "48": 1.099800870093038e-09
  },
  "b2_matched": {
    "6": 7.262987025932839e-07,
    "12": 1.550602048835767e-07,
    "24": 5.3787853131534404e-08,
    "48": 1.0355835741531993e-08
  },
  "b1": {
    "6": 0.0014777717014660143,
    "12": 0.0003573489958077154,
    "24": 7.676855713136582e-05,
    "48": 1.9758629826386408e-05
  },
  "baseline": {
    "6": 0.0014310600228492315,
    "12": 0.0004864321548822121,
    "24": 0.0002518214761045648,
    "48": 0.00020838126144014213
  },
  "swap": {
    "train_exact__eval_exact": {
      "6": 5.721627891176163e-08,
      "12": 1.0902119006524697e-08,
      "24": 5.303688607697173e-09,
      "48": 1.099800870093038e-09
    },
    "train_exact__eval_b2": {
      "6": 7.671496663643328e-07,
      "12": 1.6437240998765967e-07,
      "24": 5.418709802301582e-08,
      "48": 1.0475416696481316e-08
    },
    "train_b2__eval_exact": {
      "6": 5.845764582245034e-08,
      "12": 1.2291447640732259e-08,
      "24": 9.793961254610212e-09,
      "48": 1.8176317972909481e-09
    },
    "train_b2__eval_b2": {
      "6": 7.262987025932839e-07,
      "12": 1.550602048835767e-07,
      "24": 5.3787853131534404e-08,
      "48": 1.0355835741531993e-08
    }
  },
  "bank": {
    "1": {
      "6": 0.0002577375064215029,
      "12": 5.692979248169315e-05,
      "24": 1.2693872185974243e-05,
      "48": 3.3210495066346444e-06
    },
    "2": {
      "6": 5.541366564834721e-05,
      "12": 1.185103517520458e-05,
      "24": 2.9628940870334793e-06,
      "48": 6.998906733789077e-07
    },
    "4": {
      "6": 8.824205354240495e-06,
      "12": 1.88038881147133e-06,
      "24": 5.278145942951599e-07,
      "48": 1.1217426961378168e-07
    },
    "8": {
      "6": 3.285401472919957e-07,
      "12": 6.907249145897963e-08,
      "24": 2.5582572296009862e-08,
      "48": 4.7412615081091045e-09
    },
    "16": {
      "6": 5.8619210946749065e-08,
      "12": 1.1166598699546872e-08,
      "24": 5.414003536369754e-09,
      "48": 1.1254199060314302e-09
    },
    "32": {
      "6": 5.7217670627569626e-08,
      "12": 1.0902361194662215e-08,
      "24": 5.3037810086172686e-09,
      "48": 1.099824627920298e-09
    },
    "64": {
      "6": 5.721627891276558e-08,
      "12": 1.0902119006631794e-08,
      "24": 5.3036886075679415e-09,
      "48": 1.0998008700428323e-09
    },
    "128": {
      "6": 5.7216278911487916e-08,
      "12": 1.0902119006473994e-08,
      "24": 5.303688607675329e-09,
      "48": 1.0998008700859064e-09
    },
    "256": {
      "6": 5.721627891171038e-08,
      "12": 1.0902119006514824e-08,
      "24": 5.3036886076929616e-09,
      "48": 1.0998008700916688e-09
    }
  },
  "seconds": 250.38590750005096
}