{
  "run_tag": "CONFIRMATORY",
  "probe": "maze",
  "regime": "control",
  "seed_pool": "HOLDOUT",
  "seed": 1026,
  "config": {
    "S": 6,
    "mults": [
      1,
      2,
      4,
      8
    ],
    "eps": 2.0,
    "hidden": 16,
    "steps": 250,
    "lr": 0.02,
    "n_train": 48,
    "n_test": 48,
    "k_grid": [
      1,
      2,
      4,
      8,
      16,
      32,
      64,
      128,
      256
    ],
    "b2_method": "jacobi",
    "match_target": "solve_adjoint"
  },
  "S": 6,
  "K_match": 7,
  "b2_method": "jacobi",
  "match_target": "solve_adjoint",
  "matched_compute": {
    "exact_solve_adjoint_flops": 5284.0,
    "b2_one_step_solve_adjoint_flops": 768
  },
  "eps": 2.0,
  "sizes": [
    6,
    12,
    24,
    48
  ],
  "k_grid": [
    1,
    2,
    4,
    8,
    16,
    32,
    64,
    128,
    256
  ],
  "exact": {
    "6": 9.59320445519419e-08,
    "12": 1.3667184702143098e-08,
    "24": 4.785444736394668e-09,
    "48": 1.0931525354277408e-09
  },
  "b2_matched": {
    "6": 7.836910995897985e-07,
    "12": 1.692706735368834e-07,
    "24": 4.5458973963719794e-08,
    "48": 1.0006403843845562e-08
  },
  "b1": {
    "6": 0.0016062294197315742,
    "12": 0.00033596942757387294,
    "24": 8.399413759889901e-05,
    "48": 2.1414616587869702e-05
  },
  "baseline": {
    "6": 0.0015633816802820709,
    "12": 0.0004620632364612164,
    "24": 0.0002600006471633253,
    "48": 0.0002100933900862241
  },
  "swap": {
    "train_exact__eval_exact": {
      "6": 9.59320445519419e-08,
      "12": 1.3667184702143098e-08,
      "24": 4.785444736394668e-09,
      "48": 1.0931525354277408e-09
    },
    "train_exact__eval_b2": {
      "6": 7.68353681486896e-07,
      "12": 1.6814857084189088e-07,
      "24": 4.2948315876374234e-08,
      "48": 9.521358243457708e-09
    },
    "train_b2__eval_exact": {
      "6": 1.6197691990337733e-07,
      "12": 2.9153296154701063e-08,
      "24": 1.1335354879188084e-08,
      "48": 2.4921196551716244e-09
    },
    "train_b2__eval_b2": {
      "6": 7.836910995897985e-07,
      "12": 1.692706735368834e-07,
      "24": 4.5458973963719794e-08,
      "48": 1.0006403843845562e-08
    }
  },
  "bank": {
    "1": {
      "6": 0.00024402073360091825,
      "12": 5.439057360562362e-05,
      "24": 1.3442848497785113e-05,
      "48": 3.1870945747489e-06
    },
    "2": {
      "6": 5.220503120958015e-05,
      "12": 1.1881201100360075e-05,
      "24": 2.9827339815756294e-06,
      "48": 6.945498665459498e-07
    },
    "4": {
      "6": 8.443245665031417e-06,
      "12": 1.920536667559552e-06,
      "24": 4.852072159610685e-07,
      "48": 1.1049807625447268e-07
    },
    "8": {
      "6": 3.754518027892623e-07,
      "12": 7.779416279574195e-08,
      "24": 2.1173766830205873e-08,
      "48": 4.733726097399958e-09
    },
    "16": {
      "6": 9.619886731664243e-08,
      "12": 1.374625401482974e-08,
      "24": 4.799775037381263e-09,
      "48": 1.098063943008521e-09
    },
    "32": {
      "6": 9.593186205127191e-08,
      "12": 1.3667162126290463e-08,
      "24": 4.78543743349123e-09,
      "48": 1.0931531173566355e-09
    },
    "64": {
      "6": 9.593204455183989e-08,
      "12": 1.3667184702008137e-08,
      "24": 4.785444736408803e-09,
      "48": 1.0931525354410857e-09
    },
    "128": {
      "6": 9.593204455194091e-08,
      "12": 1.3667184702142901e-08,
      "24": 4.785444736394578e-09,
      "48": 1.0931525354277327e-09
    },
    "256": {
      "6": 9.593204455194353e-08,
      "12": 1.3667184702143367e-08,
      "24": 4.785444736394851e-09,
      "48": 1.0931525354277497e-09
    }
  },
  "seconds": 236.78206050000153
}