{
  "run_tag": "CONFIRMATORY",
  "probe": "maze",
  "regime": "control",
  "seed_pool": "HOLDOUT",
  "seed": 1006,
  "config": {
    "S": 6,
    "mults": [
      1,
      2,
      4,
      8
    ],
    "eps": 2.0,
    "hidden": 16,
    "steps": 250,
    "lr": 0.02,
    "n_train": 48,
    "n_test": 48,
    "k_grid": [
      1,
      2,
      4,
      8,
      16,
      32,
      64,
      128,
      256
    ],
    "b2_method": "jacobi",
    "match_target": "solve_adjoint"
  },
  "S": 6,
  "K_match": 7,
  "b2_method": "jacobi",
  "match_target": "solve_adjoint",
  "matched_compute": {
    "exact_solve_adjoint_flops": 5284.0,
    "b2_one_step_solve_adjoint_flops": 768
  },
  "eps": 2.0,
  "sizes": [
    6,
    12,
    24,
    48
  ],
  "k_grid": [
    1,
    2,
    4,
    8,
    16,
    32,
    64,
    128,
    256
  ],
  "exact": {
    "6": 4.2407461787155675e-07,
    "12": 1.5708349331404527e-07,
    "24": 4.231247917845763e-08,
    "48": 1.1976514308451653e-08
  },
  "b2_matched": {
    "6": 9.924864788154468e-07,
    "12": 3.23001087526814e-07,
    "24": 8.900837226196325e-08,
    "48": 2.190217108278281e-08
  },
  "b1": {
    "6": 0.0016194722616593548,
    "12": 0.0003401403310595661,
    "24": 7.477466733245558e-05,
    "48": 1.948225693374949e-05
  },
  "baseline": {
    "6": 0.0015859125695190947,
    "12": 0.0004668370095263678,
    "24": 0.00024977609122864384,
    "48": 0.00020778310579192135
  },
  "swap": {
    "train_exact__eval_exact": {
      "6": 4.2407461787155675e-07,
      "12": 1.5708349331404527e-07,
      "24": 4.231247917845763e-08,
      "48": 1.1976514308451653e-08
    },
    "train_exact__eval_b2": {
      "6": 9.848005263488112e-07,
      "12": 3.2137479380558524e-07,
      "24": 8.56145591799127e-08,
      "48": 2.14171783221792e-08
    },
    "train_b2__eval_exact": {
      "6": 4.70083854945574e-07,
      "12": 1.7559431048343743e-07,
      "24": 5.0799572533480105e-08,
      "48": 1.3646799663761168e-08
    },
    "train_b2__eval_b2": {
      "6": 9.924864788154468e-07,
      "12": 3.23001087526814e-07,
      "24": 8.900837226196325e-08,
      "48": 2.190217108278281e-08
    }
  },
  "bank": {
    "1": {
      "6": 0.0002567497038821592,
      "12": 5.600223123907276e-05,
      "24": 1.3414784680523377e-05,
      "48": 3.1534095301112444e-06
    },
    "2": {
      "6": 5.2264067441410054e-05,
      "12": 1.2435689976409736e-05,
      "24": 3.0939303203884353e-06,
      "48": 7.28224011210084e-07
    },
    "4": {
      "6": 8.210059294815627e-06,
      "12": 2.189399135990971e-06,
      "24": 5.689202461323109e-07,
      "48": 1.322617338007573e-07
    },
    "8": {
      "6": 6.421909184764219e-07,
      "12": 2.2213920259193587e-07,
      "24": 6.054265520667403e-08,
      "48": 1.591298201202184e-08
    },
    "16": {
      "6": 4.2422784711542566e-07,
      "12": 1.5707183508954073e-07,
      "24": 4.231811982218014e-08,
      "48": 1.1977081311032252e-08
    },
    "32": {
      "6": 4.240755865021205e-07,
      "12": 1.5708386674305184e-07,
      "24": 4.231254008072711e-08,
      "48": 1.197654512947739e-08
    },
    "64": {
      "6": 4.240746180463178e-07,
      "12": 1.5708349338670653e-07,
      "24": 4.2312479196449776e-08,
      "48": 1.1976514314044922e-08
    },
    "128": {
      "6": 4.240746178715551e-07,
      "12": 1.5708349331404521e-07,
      "24": 4.231247917845745e-08,
      "48": 1.197651430845168e-08
    },
    "256": {
      "6": 4.240746178715536e-07,
      "12": 1.5708349331404513e-07,
      "24": 4.23124791784575e-08,
      "48": 1.1976514308451699e-08
    }
  },
  "seconds": 250.78691069991328
}