{
  "run_tag": "CONFIRMATORY",
  "probe": "maze",
  "regime": "control",
  "seed_pool": "HOLDOUT",
  "seed": 1004,
  "config": {
    "S": 6,
    "mults": [
      1,
      2,
      4,
      8
    ],
    "eps": 2.0,
    "hidden": 16,
    "steps": 250,
    "lr": 0.02,
    "n_train": 48,
    "n_test": 48,
    "k_grid": [
      1,
      2,
      4,
      8,
      16,
      32,
      64,
      128,
      256
    ],
    "b2_method": "jacobi",
    "match_target": "solve_adjoint"
  },
  "S": 6,
  "K_match": 7,
  "b2_method": "jacobi",
  "match_target": "solve_adjoint",
  "matched_compute": {
    "exact_solve_adjoint_flops": 5284.0,
    "b2_one_step_solve_adjoint_flops": 768
  },
  "eps": 2.0,
  "sizes": [
    6,
    12,
    24,
    48
  ],
  "k_grid": [
    1,
    2,
    4,
    8,
    16,
    32,
    64,
    128,
    256
  ],
  "exact": {
    "6": 5.713747023022934e-08,
    "12": 1.513072684893237e-08,
    "24": 4.778665366801041e-09,
    "48": 8.410823640745918e-10
  },
  "b2_matched": {
    "6": 6.091434423223238e-07,
    "12": 1.5349913454085502e-07,
    "24": 4.5899086763517326e-08,
    "48": 1.0876113480745617e-08
  },
  "b1": {
    "6": 0.00158491082764927,
    "12": 0.0003581840866934795,
    "24": 8.244262745563197e-05,
    "48": 2.014086622468413e-05
  },
  "baseline": {
    "6": 0.0015399330562543916,
    "12": 0.0004829616598631604,
    "24": 0.00025854120714967354,
    "48": 0.00020863490324000945
  },
  "swap": {
    "train_exact__eval_exact": {
      "6": 5.713747023022934e-08,
      "12": 1.513072684893237e-08,
      "24": 4.778665366801041e-09,
      "48": 8.410823640745918e-10
    },
    "train_exact__eval_b2": {
      "6": 6.344490641756455e-07,
      "12": 1.613509839514176e-07,
      "24": 4.7066502154888194e-08,
      "48": 1.1278619676538015e-08
    },
    "train_b2__eval_exact": {
      "6": 7.048824482464539e-08,
      "12": 2.1417965050331762e-08,
      "24": 8.51450067842713e-09,
      "48": 1.6063250406876958e-09
    },
    "train_b2__eval_b2": {
      "6": 6.091434423223238e-07,
      "12": 1.5349913454085502e-07,
      "24": 4.5899086763517326e-08,
      "48": 1.0876113480745617e-08
    }
  },
  "bank": {
    "1": {
      "6": 0.0002417671982089958,
      "12": 5.170521816546177e-05,
      "24": 1.3303358998538231e-05,
      "48": 3.1868854024849947e-06
    },
    "2": {
      "6": 5.184635934857954e-05,
      "12": 1.1128910761283877e-05,
      "24": 2.8825347777744513e-06,
      "48": 7.333347495246252e-07
    },
    "4": {
      "6": 7.778161201509475e-06,
      "12": 1.7566349170466503e-06,
      "24": 4.774129441846082e-07,
      "48": 1.2155317403803657e-07
    },
    "8": {
      "6": 2.7817139021630847e-07,
      "12": 7.127163016475409e-08,
      "24": 2.178209002998652e-08,
      "48": 4.99492680188513e-09
    },
    "16": {
      "6": 5.739202895950837e-08,
      "12": 1.5198242975316404e-08,
      "24": 4.79991717730189e-09,
      "48": 8.474903640196209e-10
    },
    "32": {
      "6": 5.713752498543093e-08,
      "12": 1.5130715399785665e-08,
      "24": 4.778653639020479e-09,
      "48": 8.410836913329497e-10
    },
    "64": {
      "6": 5.71374702338904e-08,
      "12": 1.5130726849700327e-08,
      "24": 4.7786653671378466e-09,
      "48": 8.41082364151851e-10
    },
    "128": {
      "6": 5.7137470230229387e-08,
      "12": 1.513072684893272e-08,
      "24": 4.778665366801241e-09,
      "48": 8.410823640746027e-10
    },
    "256": {
      "6": 5.713747023022924e-08,
      "12": 1.5130726848932786e-08,
      "24": 4.778665366801213e-09,
      "48": 8.410823640746048e-10
    }
  },
  "seconds": 249.23539039993193
}