{
  "run_tag": "CONFIRMATORY",
  "probe": "maze",
  "regime": "positive",
  "seed_pool": "HOLDOUT",
  "seed": 1029,
  "config": {
    "S": 6,
    "mults": [
      1,
      2,
      4,
      8
    ],
    "eps": 0.05,
    "hidden": 16,
    "steps": 250,
    "lr": 0.02,
    "n_train": 48,
    "n_test": 48,
    "k_grid": [
      1,
      2,
      4,
      8,
      16,
      32,
      64,
      128,
      256
    ],
    "b2_method": "jacobi",
    "match_target": "solve_adjoint"
  },
  "S": 6,
  "K_match": 7,
  "b2_method": "jacobi",
  "match_target": "solve_adjoint",
  "matched_compute": {
    "exact_solve_adjoint_flops": 5284.0,
    "b2_one_step_solve_adjoint_flops": 768
  },
  "eps": 0.05,
  "sizes": [
    6,
    12,
    24,
    48
  ],
  "k_grid": [
    1,
    2,
    4,
    8,
    16,
    32,
    64,
    128,
    256
  ],
  "exact": {
    "6": 2.062439786234605e-06,
    "12": 1.0235165782438314e-06,
    "24": 1.61679767057122e-07,
    "48": 3.738766485625627e-08
  },
  "b2_matched": {
    "6": 0.17718674842139967,
    "12": 0.019198495446891232,
    "24": 0.003640203795144586,
    "48": 0.0008047929740890627
  },
  "b1": {
    "6": 0.2596287395710464,
    "12": 0.022532731760638632,
    "24": 0.0033907226039105887,
    "48": 0.0006229282618789981
  },
  "baseline": {
    "6": 0.026273248619861397,
    "12": 0.18706251138009952,
    "24": 0.27528702357638835,
    "48": 0.30001471697208043
  },
  "swap": {
    "train_exact__eval_exact": {
      "6": 2.062439786234605e-06,
      "12": 1.0235165782438314e-06,
      "24": 1.61679767057122e-07,
      "48": 3.738766485625627e-08
    },
    "train_exact__eval_b2": {
      "6": 0.25378051947439456,
      "12": 0.02177612015446034,
      "24": 0.0033276656527713665,
      "48": 0.0006367942555174878
    },
    "train_b2__eval_exact": {
      "6": 0.0859557271023587,
      "12": 0.023166286092881756,
      "24": 0.005150570658006308,
      "48": 0.0012818247205833796
    },
    "train_b2__eval_b2": {
      "6": 0.17718674842139967,
      "12": 0.019198495446891232,
      "24": 0.003640203795144586,
      "48": 0.0008047929740890627
    }
  },
  "bank": {
    "1": {
      "6": 0.2980410310536098,
      "12": 0.028445083299851178,
      "24": 0.004632798544042845,
      "48": 0.0009269670084347965
    },
    "2": {
      "6": 0.25722898819830414,
      "12": 0.025488518303658787,
      "24": 0.004439042049599624,
      "48": 0.0009170931712653264
    },
    "4": {
      "6": 0.2165397666207984,
      "12": 0.022613026454168225,
      "24": 0.004176897118600071,
      "48": 0.0008969129748281029
    },
    "8": {
      "6": 0.16527373524083622,
      "12": 0.01812473510883199,
      "24": 0.0034498544055949288,
      "48": 0.0007683198559154697
    },
    "16": {
      "6": 0.10812035564991186,
      "12": 0.012540519193032049,
      "24": 0.0022965244188999736,
      "48": 0.0005216077831629401
    },
    "32": {
      "6": 0.053779420360995416,
      "12": 0.00712753862674203,
      "24": 0.0012019715811558123,
      "48": 0.0002761588839297789
    },
    "64": {
      "6": 0.01808770705104084,
      "12": 0.0028814556250354,
      "24": 0.00045032545942568994,
      "48": 0.00010433407576099697
    },
    "128": {
      "6": 0.003334030372380527,
      "12": 0.0005887507170035648,
      "24": 8.537575476661401e-05,
      "48": 1.923144000852396e-05
    },
    "256": {
      "6": 0.00015617189750492084,
      "12": 2.4515170517950466e-05,
      "24": 3.1670728165278254e-06,
      "48": 6.590553666328845e-07
    }
  },
  "seconds": 309.9738497999497
}