{
  "run_tag": "CONFIRMATORY",
  "probe": "maze",
  "regime": "positive",
  "seed_pool": "HOLDOUT",
  "seed": 1023,
  "config": {
    "S": 6,
    "mults": [
      1,
      2,
      4,
      8
    ],
    "eps": 0.05,
    "hidden": 16,
    "steps": 250,
    "lr": 0.02,
    "n_train": 48,
    "n_test": 48,
    "k_grid": [
      1,
      2,
      4,
      8,
      16,
      32,
      64,
      128,
      256
    ],
    "b2_method": "jacobi",
    "match_target": "solve_adjoint"
  },
  "S": 6,
  "K_match": 7,
  "b2_method": "jacobi",
  "match_target": "solve_adjoint",
  "matched_compute": {
    "exact_solve_adjoint_flops": 5284.0,
    "b2_one_step_solve_adjoint_flops": 768
  },
  "eps": 0.05,
  "sizes": [
    6,
    12,
    24,
    48
  ],
  "k_grid": [
    1,
    2,
    4,
    8,
    16,
    32,
    64,
    128,
    256
  ],
  "exact": {
    "6": 8.32692330002236e-05,
    "12": 2.534204514831223e-05,
    "24": 7.2811903131187885e-06,
    "48": 2.0641921252813566e-06
  },
  "b2_matched": {
    "6": 0.17312579880907944,
    "12": 0.018686387602115957,
    "24": 0.0034829700977091777,
    "48": 0.0007781788384430423
  },
  "b1": {
    "6": 0.25921094459544786,
    "12": 0.022558070558062027,
    "24": 0.003104810250872187,
    "48": 0.0005712615560530292
  },
  "baseline": {
    "6": 0.025819025946814764,
    "12": 0.18698049124945226,
    "24": 0.2749313945053502,
    "48": 0.29993959889366767
  },
  "swap": {
    "train_exact__eval_exact": {
      "6": 8.32692330002236e-05,
      "12": 2.534204514831223e-05,
      "24": 7.2811903131187885e-06,
      "48": 2.0641921252813566e-06
    },
    "train_exact__eval_b2": {
      "6": 0.25032495655483594,
      "12": 0.02227360735349764,
      "24": 0.003091484917711404,
      "48": 0.0005679676304536297
    },
    "train_b2__eval_exact": {
      "6": 0.0739267658542756,
      "12": 0.021476337502796122,
      "24": 0.005110952575544141,
      "48": 0.0012547566531835382
    },
    "train_b2__eval_b2": {
      "6": 0.17312579880907944,
      "12": 0.018686387602115957,
      "24": 0.0034829700977091777,
      "48": 0.0007781788384430423
    }
  },
  "bank": {
    "1": {
      "6": 0.29909631903143513,
      "12": 0.028906846060753826,
      "24": 0.004365443742143194,
      "48": 0.0008408522467177967
    },
    "2": {
      "6": 0.2573039561989249,
      "12": 0.025649947280766312,
      "24": 0.004183624327272787,
      "48": 0.0008525308300478039
    },
    "4": {
      "6": 0.21421282349848975,
      "12": 0.022338936291919805,
      "24": 0.003956315373228831,
      "48": 0.0008556240371091013
    },
    "8": {
      "6": 0.16088463427637986,
      "12": 0.017559978512558076,
      "24": 0.0033119839785165743,
      "48": 0.0007465533164503623
    },
    "16": {
      "6": 0.10308334944932328,
      "12": 0.011897041864424087,
      "24": 0.002225562195432763,
      "48": 0.0004975277679238868
    },
    "32": {
      "6": 0.050141286171242125,
      "12": 0.006697519307846998,
      "24": 0.0011584563687296117,
      "48": 0.00024938685626847354
    },
    "64": {
      "6": 0.016531537165045154,
      "12": 0.0027214679532127205,
      "24": 0.0004286735488971732,
      "48": 9.071114682376505e-05
    },
    "128": {
      "6": 0.0029787710823686786,
      "12": 0.00054187724402028,
      "24": 7.375272461875566e-05,
      "48": 1.5199107213260008e-05
    },
    "256": {
      "6": 0.00019180363513824,
      "12": 3.748921921977383e-05,
      "24": 7.047555203041303e-06,
      "48": 1.77399849179253e-06
    }
  },
  "seconds": 182.7777275000699
}