{
  "run_tag": "CONFIRMATORY",
  "probe": "maze",
  "regime": "positive",
  "seed_pool": "HOLDOUT",
  "seed": 1016,
  "config": {
    "S": 6,
    "mults": [
      1,
      2,
      4,
      8
    ],
    "eps": 0.05,
    "hidden": 16,
    "steps": 250,
    "lr": 0.02,
    "n_train": 48,
    "n_test": 48,
    "k_grid": [
      1,
      2,
      4,
      8,
      16,
      32,
      64,
      128,
      256
    ],
    "b2_method": "jacobi",
    "match_target": "solve_adjoint"
  },
  "S": 6,
  "K_match": 7,
  "b2_method": "jacobi",
  "match_target": "solve_adjoint",
  "matched_compute": {
    "exact_solve_adjoint_flops": 5284.0,
    "b2_one_step_solve_adjoint_flops": 768
  },
  "eps": 0.05,
  "sizes": [
    6,
    12,
    24,
    48
  ],
  "k_grid": [
    1,
    2,
    4,
    8,
    16,
    32,
    64,
    128,
    256
  ],
  "exact": {
    "6": 9.913084560068042e-06,
    "12": 1.3101994072334686e-06,
    "24": 2.129755523038918e-07,
    "48": 1.1432652925969791e-07
  },
  "b2_matched": {
    "6": 0.17531686734068863,
    "12": 0.01846140090423436,
    "24": 0.003459120828866103,
    "48": 0.0007489919689072928
  },
  "b1": {
    "6": 0.259771317895057,
    "12": 0.02238991183331576,
    "24": 0.0029296343762745636,
    "48": 0.0005789613754479673
  },
  "baseline": {
    "6": 0.026294018463387955,
    "12": 0.18662756851486112,
    "24": 0.274606615771324,
    "48": 0.29994876120501107
  },
  "swap": {
    "train_exact__eval_exact": {
      "6": 9.913084560068042e-06,
      "12": 1.3101994072334686e-06,
      "24": 2.129755523038918e-07,
      "48": 1.1432652925969791e-07
    },
    "train_exact__eval_b2": {
      "6": 0.2520429711729987,
      "12": 0.022049574870682515,
      "24": 0.003055958837271839,
      "48": 0.0005712499359955765
    },
    "train_b2__eval_exact": {
      "6": 0.07943036954913714,
      "12": 0.020284457068891922,
      "24": 0.004772076712378799,
      "48": 0.0012005045687749553
    },
    "train_b2__eval_b2": {
      "6": 0.17531686734068863,
      "12": 0.01846140090423436,
      "24": 0.003459120828866103,
      "48": 0.0007489919689072928
    }
  },
  "bank": {
    "1": {
      "6": 0.2971268108051689,
      "12": 0.028684333826919425,
      "24": 0.004212823158372647,
      "48": 0.0008450196060915448
    },
    "2": {
      "6": 0.256030024961667,
      "12": 0.02550880877427355,
      "24": 0.004135126102489495,
      "48": 0.0008478540940715808
    },
    "4": {
      "6": 0.21525823892524404,
      "12": 0.02215562463012271,
      "24": 0.003936520186138702,
      "48": 0.0008328354374244653
    },
    "8": {
      "6": 0.16335872495067788,
      "12": 0.01731247919804763,
      "24": 0.0032797600045781825,
      "48": 0.0007152875836202937
    },
    "16": {
      "6": 0.10582223494324454,
      "12": 0.011510438885870592,
      "24": 0.002134735362863411,
      "48": 0.0004678294386842947
    },
    "32": {
      "6": 0.05214877346280042,
      "12": 0.006349065927041197,
      "24": 0.0010844393981180537,
      "48": 0.00023719268707649948
    },
    "64": {
      "6": 0.017548235544618988,
      "12": 0.0025202479907760634,
      "24": 0.0003921932661410033,
      "48": 8.534251471348732e-05
    },
    "128": {
      "6": 0.0033436093167786038,
      "12": 0.0005016309295825377,
      "24": 6.947168657695887e-05,
      "48": 1.477522721297593e-05
    },
    "256": {
      "6": 0.00017804686768608353,
      "12": 2.2000429256031032e-05,
      "24": 2.5770510538487817e-06,
      "48": 6.166557707151037e-07
    }
  },
  "seconds": 269.88460390002
}