{
  "run_tag": "CONFIRMATORY",
  "probe": "maze",
  "regime": "positive",
  "seed_pool": "HOLDOUT",
  "seed": 1001,
  "config": {
    "S": 6,
    "mults": [
      1,
      2,
      4,
      8
    ],
    "eps": 0.05,
    "hidden": 16,
    "steps": 250,
    "lr": 0.02,
    "n_train": 48,
    "n_test": 48,
    "k_grid": [
      1,
      2,
      4,
      8,
      16,
      32,
      64,
      128,
      256
    ],
    "b2_method": "jacobi",
    "match_target": "solve_adjoint"
  },
  "S": 6,
  "K_match": 7,
  "b2_method": "jacobi",
  "match_target": "solve_adjoint",
  "matched_compute": {
    "exact_solve_adjoint_flops": 5284.0,
    "b2_one_step_solve_adjoint_flops": 768
  },
  "eps": 0.05,
  "sizes": [
    6,
    12,
    24,
    48
  ],
  "k_grid": [
    1,
    2,
    4,
    8,
    16,
    32,
    64,
    128,
    256
  ],
  "exact": {
    "6": 4.8497233742416685e-05,
    "12": 8.438858005470918e-06,
    "24": 2.2939463835452084e-06,
    "48": 6.334228468965293e-07
  },
  "b2_matched": {
    "6": 0.1758315674209191,
    "12": 0.01953156625214902,
    "24": 0.003705066717080857,
    "48": 0.0008361472973305391
  },
  "b1": {
    "6": 0.2609789134877256,
    "12": 0.022006397448658885,
    "24": 0.0032956292278158604,
    "48": 0.0006405821548447094
  },
  "baseline": {
    "6": 0.028962160067269867,
    "12": 0.1859948434738469,
    "24": 0.2752019789410376,
    "48": 0.3000352715215089
  },
  "swap": {
    "train_exact__eval_exact": {
      "6": 4.8497233742416685e-05,
      "12": 8.438858005470918e-06,
      "24": 2.2939463835452084e-06,
      "48": 6.334228468965293e-07
    },
    "train_exact__eval_b2": {
      "6": 0.24978174198665856,
      "12": 0.021679874942835013,
      "24": 0.003282944429362516,
      "48": 0.0006428666231346338
    },
    "train_b2__eval_exact": {
      "6": 0.08105020908591759,
      "12": 0.022778107498542432,
      "24": 0.0054983610272385415,
      "48": 0.0013041847511851624
    },
    "train_b2__eval_b2": {
      "6": 0.1758315674209191,
      "12": 0.01953156625214902,
      "24": 0.003705066717080857,
      "48": 0.0008361472973305391
    }
  },
  "bank": {
    "1": {
      "6": 0.2975479533637389,
      "12": 0.028082034829503097,
      "24": 0.004586389982888785,
      "48": 0.0009350872047169611
    },
    "2": {
      "6": 0.25577989111600435,
      "12": 0.025483023065716617,
      "24": 0.004412201693437422,
      "48": 0.0009348946997255705
    },
    "4": {
      "6": 0.21529639243220286,
      "12": 0.02310628188384597,
      "24": 0.004258774408913219,
      "48": 0.0009453649219522312
    },
    "8": {
      "6": 0.1639069766598654,
      "12": 0.018443227384578573,
      "24": 0.003528077422032769,
      "48": 0.0007998977757350361
    },
    "16": {
      "6": 0.10690905607965719,
      "12": 0.012433001120073848,
      "24": 0.0023522408101521145,
      "48": 0.0005240252497103295
    },
    "32": {
      "6": 0.053204835414311695,
      "12": 0.006903100450259526,
      "24": 0.0012462394989401872,
      "48": 0.0002674736550246573
    },
    "64": {
      "6": 0.017859878231155625,
      "12": 0.002783525351469498,
      "24": 0.0004703723601427157,
      "48": 9.79485449129943e-05
    },
    "128": {
      "6": 0.003292262552146157,
      "12": 0.0005747344847329715,
      "24": 8.486156168140884e-05,
      "48": 1.678571944586797e-05
    },
    "256": {
      "6": 0.00018527982972573308,
      "12": 3.1503933022979637e-05,
      "24": 4.392440677499292e-06,
      "48": 9.696797494646354e-07
    }
  },
  "seconds": 257.63214819994755
}