{
  "run_tag": "CONFIRMATORY",
  "probe": "maze",
  "regime": "positive",
  "seed_pool": "HOLDOUT",
  "seed": 1018,
  "config": {
    "S": 6,
    "mults": [
      1,
      2,
      4,
      8
    ],
    "eps": 0.05,
    "hidden": 16,
    "steps": 250,
    "lr": 0.02,
    "n_train": 48,
    "n_test": 48,
    "k_grid": [
      1,
      2,
      4,
      8,
      16,
      32,
      64,
      128,
      256
    ],
    "b2_method": "jacobi",
    "match_target": "solve_adjoint"
  },
  "S": 6,
  "K_match": 7,
  "b2_method": "jacobi",
  "match_target": "solve_adjoint",
  "matched_compute": {
    "exact_solve_adjoint_flops": 5284.0,
    "b2_one_step_solve_adjoint_flops": 768
  },
  "eps": 0.05,
  "sizes": [
    6,
    12,
    24,
    48
  ],
  "k_grid": [
    1,
    2,
    4,
    8,
    16,
    32,
    64,
    128,
    256
  ],
  "exact": {
    "6": 0.00023151731103990096,
    "12": 5.485328086459192e-05,
    "24": 1.4161601799626007e-05,
    "48": 3.0781889358840206e-06
  },
  "b2_matched": {
    "6": 0.17454650820433099,
    "12": 0.01876238854895898,
    "24": 0.0035848053118628133,
    "48": 0.0007852636946515904
  },
  "b1": {
    "6": 0.2613379580323585,
    "12": 0.02230184191001797,
    "24": 0.0034300242555627266,
    "48": 0.0006014334826358217
  },
  "baseline": {
    "6": 0.029153594910669912,
    "12": 0.18656173264242848,
    "24": 0.27539737755870886,
    "48": 0.29997681921453984
  },
  "swap": {
    "train_exact__eval_exact": {
      "6": 0.00023151731103990096,
      "12": 5.485328086459192e-05,
      "24": 1.4161601799626007e-05,
      "48": 3.0781889358840206e-06
    },
    "train_exact__eval_b2": {
      "6": 0.24780006897033738,
      "12": 0.021659241204804582,
      "24": 0.0033806451332187757,
      "48": 0.0006231751273378694
    },
    "train_b2__eval_exact": {
      "6": 0.0874635849094556,
      "12": 0.02193256624722646,
      "24": 0.005251867565151315,
      "48": 0.0012318332641583132
    },
    "train_b2__eval_b2": {
      "6": 0.17454650820433099,
      "12": 0.01876238854895898,
      "24": 0.0035848053118628133,
      "48": 0.0007852636946515904
    }
  },
  "bank": {
    "1": {
      "6": 0.29847456378155973,
      "12": 0.028365553621879987,
      "24": 0.004713471838532979,
      "48": 0.0009041734320221214
    },
    "2": {
      "6": 0.25531569479271693,
      "12": 0.02522065537739745,
      "24": 0.004417083789997027,
      "48": 0.0009044052231826226
    },
    "4": {
      "6": 0.2135262706651815,
      "12": 0.02212560189016705,
      "24": 0.0040986367203379665,
      "48": 0.0008774696796346106
    },
    "8": {
      "6": 0.16296899437917312,
      "12": 0.01774451972003133,
      "24": 0.003419001761084029,
      "48": 0.0007515940337763613
    },
    "16": {
      "6": 0.10743784796523696,
      "12": 0.012508634232926363,
      "24": 0.002399343247592997,
      "48": 0.000514579879155609
    },
    "32": {
      "6": 0.05360758660557425,
      "12": 0.007033707745386385,
      "24": 0.0012909900620973515,
      "48": 0.0002689142112584077
    },
    "64": {
      "6": 0.01794811616010315,
      "12": 0.0027424652976003514,
      "24": 0.0004747446098363552,
      "48": 9.613811059485309e-05
    },
    "128": {
      "6": 0.003351836138061547,
      "12": 0.0005284022090080288,
      "24": 8.282584955416754e-05,
      "48": 1.4879794864359609e-05
    },
    "256": {
      "6": 0.00036030227711610736,
      "12": 6.563075866795072e-05,
      "24": 1.4402607972872992e-05,
      "48": 2.6250925202478423e-06
    }
  },
  "seconds": 179.8817442000145
}