{
  "run_tag": "CONFIRMATORY",
  "probe": "maze",
  "regime": "positive",
  "seed_pool": "HOLDOUT",
  "seed": 1002,
  "config": {
    "S": 6,
    "mults": [
      1,
      2,
      4,
      8
    ],
    "eps": 0.05,
    "hidden": 16,
    "steps": 250,
    "lr": 0.02,
    "n_train": 48,
    "n_test": 48,
    "k_grid": [
      1,
      2,
      4,
      8,
      16,
      32,
      64,
      128,
      256
    ],
    "b2_method": "jacobi",
    "match_target": "solve_adjoint"
  },
  "S": 6,
  "K_match": 7,
  "b2_method": "jacobi",
  "match_target": "solve_adjoint",
  "matched_compute": {
    "exact_solve_adjoint_flops": 5284.0,
    "b2_one_step_solve_adjoint_flops": 768
  },
  "eps": 0.05,
  "sizes": [
    6,
    12,
    24,
    48
  ],
  "k_grid": [
    1,
    2,
    4,
    8,
    16,
    32,
    64,
    128,
    256
  ],
  "exact": {
    "6": 2.1209816374624e-06,
    "12": 5.3352793659477e-07,
    "24": 1.2514972997380241e-07,
    "48": 2.522691945228792e-08
  },
  "b2_matched": {
    "6": 0.17467024534859676,
    "12": 0.0190498154703378,
    "24": 0.0036378190311104415,
    "48": 0.0007962017815710826
  },
  "b1": {
    "6": 0.2589720505251292,
    "12": 0.02261709919300731,
    "24": 0.003095990067470908,
    "48": 0.0006595633336159549
  },
  "baseline": {
    "6": 0.024637259936726386,
    "12": 0.1871427279452936,
    "24": 0.27484062784278396,
    "48": 0.3000769462059003
  },
  "swap": {
    "train_exact__eval_exact": {
      "6": 2.1209816374624e-06,
      "12": 5.3352793659477e-07,
      "24": 1.2514972997380241e-07,
      "48": 2.522691945228792e-08
    },
    "train_exact__eval_b2": {
      "6": 0.2527909942726367,
      "12": 0.022154557437509763,
      "24": 0.0031154999289859705,
      "48": 0.0006478118664317013
    },
    "train_b2__eval_exact": {
      "6": 0.07553758409666128,
      "12": 0.022203987457305268,
      "24": 0.005067293928837154,
      "48": 0.001256227940664807
    },
    "train_b2__eval_b2": {
      "6": 0.17467024534859676,
      "12": 0.0190498154703378,
      "24": 0.0036378190311104415,
      "48": 0.0007962017815710826
    }
  },
  "bank": {
    "1": {
      "6": 0.29913232115165117,
      "12": 0.028808805459123395,
      "24": 0.004294498185649456,
      "48": 0.0009494555370646788
    },
    "2": {
      "6": 0.2578539778843612,
      "12": 0.025331037283311944,
      "24": 0.0042181336065047195,
      "48": 0.0009063905734153711
    },
    "4": {
      "6": 0.21554971439953477,
      "12": 0.022234973331894163,
      "24": 0.004052088392555981,
      "48": 0.0008701328320220871
    },
    "8": {
      "6": 0.1623284667239433,
      "12": 0.018044612667668953,
      "24": 0.003475952652696061,
      "48": 0.0007666543324142364
    },
    "16": {
      "6": 0.10433205893980871,
      "12": 0.012786457928266614,
      "24": 0.002378549978970614,
      "48": 0.0005492100261297321
    },
    "32": {
      "6": 0.0510381784143143,
      "12": 0.007318429630241889,
      "24": 0.0012444185155994975,
      "48": 0.0002994242117185157
    },
    "64": {
      "6": 0.016918686066879605,
      "12": 0.0029213451792750706,
      "24": 0.0004616564435250009,
      "48": 0.00011091051989592776
    },
    "128": {
      "6": 0.003062215423933717,
      "12": 0.0005801158617481018,
      "24": 8.69674022485138e-05,
      "48": 1.939874784907479e-05
    },
    "256": {
      "6": 0.00013500496161897982,
      "12": 2.085571477210645e-05,
      "24": 2.7873651435633668e-06,
      "48": 4.3810003715818305e-07
    }
  },
  "seconds": 256.22369930008426
}