{
  "run_tag": "CONFIRMATORY",
  "probe": "maze",
  "regime": "positive",
  "seed_pool": "HOLDOUT",
  "seed": 1026,
  "config": {
    "S": 6,
    "mults": [
      1,
      2,
      4,
      8
    ],
    "eps": 0.05,
    "hidden": 16,
    "steps": 250,
    "lr": 0.02,
    "n_train": 48,
    "n_test": 48,
    "k_grid": [
      1,
      2,
      4,
      8,
      16,
      32,
      64,
      128,
      256
    ],
    "b2_method": "jacobi",
    "match_target": "solve_adjoint"
  },
  "S": 6,
  "K_match": 7,
  "b2_method": "jacobi",
  "match_target": "solve_adjoint",
  "matched_compute": {
    "exact_solve_adjoint_flops": 5284.0,
    "b2_one_step_solve_adjoint_flops": 768
  },
  "eps": 0.05,
  "sizes": [
    6,
    12,
    24,
    48
  ],
  "k_grid": [
    1,
    2,
    4,
    8,
    16,
    32,
    64,
    128,
    256
  ],
  "exact": {
    "6": 1.7511307624203053e-05,
    "12": 3.4584003674239344e-06,
    "24": 1.0352533467778035e-06,
    "48": 2.267419734130765e-07
  },
  "b2_matched": {
    "6": 0.17532098683659264,
    "12": 0.018526291716137754,
    "24": 0.003485966559540338,
    "48": 0.0007991604409133832
  },
  "b1": {
    "6": 0.2603676580601578,
    "12": 0.02172522025069731,
    "24": 0.0035521157167074458,
    "48": 0.0006428644385503342
  },
  "baseline": {
    "6": 0.026515753830038808,
    "12": 0.18547066317531555,
    "24": 0.27559807174820194,
    "48": 0.3000635119529323
  },
  "swap": {
    "train_exact__eval_exact": {
      "6": 1.7511307624203053e-05,
      "12": 3.4584003674239344e-06,
      "24": 1.0352533467778035e-06,
      "48": 2.267419734130765e-07
    },
    "train_exact__eval_b2": {
      "6": 0.25129316733212403,
      "12": 0.02130460773444223,
      "24": 0.0034437291921830394,
      "48": 0.0006238207430586528
    },
    "train_b2__eval_exact": {
      "6": 0.07851689014349306,
      "12": 0.020248789338405192,
      "24": 0.005099167286468921,
      "48": 0.0013127704774617342
    },
    "train_b2__eval_b2": {
      "6": 0.17532098683659264,
      "12": 0.018526291716137754,
      "24": 0.003485966559540338,
      "48": 0.0007991604409133832
    }
  },
  "bank": {
    "1": {
      "6": 0.29711388451426685,
      "12": 0.027703969168788818,
      "24": 0.004847767079327567,
      "48": 0.000935117813950871
    },
    "2": {
      "6": 0.25695135297797195,
      "12": 0.02498727017613382,
      "24": 0.004463889893527554,
      "48": 0.0009098503251136958
    },
    "4": {
      "6": 0.21575230405171764,
      "12": 0.022068102536650563,
      "24": 0.0040470575433312105,
      "48": 0.0008866203415360533
    },
    "8": {
      "6": 0.16327897407282296,
      "12": 0.017412488792952204,
      "24": 0.0033022335142073693,
      "48": 0.0007661218988200804
    },
    "16": {
      "6": 0.10578319371753234,
      "12": 0.011575401209374335,
      "24": 0.0022341888619002467,
      "48": 0.0005279874218259836
    },
    "32": {
      "6": 0.05219160992669941,
      "12": 0.00632577863031927,
      "24": 0.0012034524701790238,
      "48": 0.000283064694426114
    },
    "64": {
      "6": 0.017431928338542773,
      "12": 0.002482616402017384,
      "24": 0.00045096253055649247,
      "48": 0.00010397822748993694
    },
    "128": {
      "6": 0.003214689975839107,
      "12": 0.0004937809940558099,
      "24": 8.135723581183851e-05,
      "48": 1.7351235018594792e-05
    },
    "256": {
      "6": 0.00016430863838299965,
      "12": 2.3919559891330495e-05,
      "24": 3.881871809280293e-06,
      "48": 6.931611981340478e-07
    }
  },
  "seconds": 308.99961199995596
}