{
  "run_tag": "CONFIRMATORY",
  "probe": "maze",
  "regime": "positive",
  "seed_pool": "HOLDOUT",
  "seed": 1021,
  "config": {
    "S": 6,
    "mults": [
      1,
      2,
      4,
      8
    ],
    "eps": 0.05,
    "hidden": 16,
    "steps": 250,
    "lr": 0.02,
    "n_train": 48,
    "n_test": 48,
    "k_grid": [
      1,
      2,
      4,
      8,
      16,
      32,
      64,
      128,
      256
    ],
    "b2_method": "jacobi",
    "match_target": "solve_adjoint"
  },
  "S": 6,
  "K_match": 7,
  "b2_method": "jacobi",
  "match_target": "solve_adjoint",
  "matched_compute": {
    "exact_solve_adjoint_flops": 5284.0,
    "b2_one_step_solve_adjoint_flops": 768
  },
  "eps": 0.05,
  "sizes": [
    6,
    12,
    24,
    48
  ],
  "k_grid": [
    1,
    2,
    4,
    8,
    16,
    32,
    64,
    128,
    256
  ],
  "exact": {
    "6": 0.00010617899663642763,
    "12": 2.7338119584735125e-05,
    "24": 7.195477321516381e-06,
    "48": 1.9313018142504194e-06
  },
  "b2_matched": {
    "6": 0.1748439895419321,
    "12": 0.02001144681885741,
    "24": 0.003910189600258391,
    "48": 0.0009162741941296292
  },
  "b1": {
    "6": 0.2594668211056663,
    "12": 0.022179554078069933,
    "24": 0.0031047700757795807,
    "48": 0.0006034369319728123
  },
  "baseline": {
    "6": 0.0262861149594406,
    "12": 0.18626705527704515,
    "24": 0.2749168528780421,
    "48": 0.2999723601572956
  },
  "swap": {
    "train_exact__eval_exact": {
      "6": 0.00010617899663642763,
      "12": 2.7338119584735125e-05,
      "24": 7.195477321516381e-06,
      "48": 1.9313018142504194e-06
    },
    "train_exact__eval_b2": {
      "6": 0.24958416724488652,
      "12": 0.02148746884382161,
      "24": 0.003067658249896833,
      "48": 0.000608224052753539
    },
    "train_b2__eval_exact": {
      "6": 0.08002134501809224,
      "12": 0.024041551328572677,
      "24": 0.005912293424505493,
      "48": 0.0014538147358569883
    },
    "train_b2__eval_b2": {
      "6": 0.1748439895419321,
      "12": 0.02001144681885741,
      "24": 0.003910189600258391,
      "48": 0.0009162741941296292
    }
  },
  "bank": {
    "1": {
      "6": 0.2985236439438476,
      "12": 0.02805735760078567,
      "24": 0.004313878234132655,
      "48": 0.0008882481801416936
    },
    "2": {
      "6": 0.2563283341620533,
      "12": 0.025989146223773706,
      "24": 0.004352095842051654,
      "48": 0.0009641996757447185
    },
    "4": {
      "6": 0.21494498424324526,
      "12": 0.023596474715270578,
      "24": 0.0043322959082898104,
      "48": 0.0010077503926180281
    },
    "8": {
      "6": 0.16276437034000069,
      "12": 0.01869212097570847,
      "24": 0.0036879312142062103,
      "48": 0.0008608968452177817
    },
    "16": {
      "6": 0.10521417582479187,
      "12": 0.01236521769376029,
      "24": 0.0024238303150374263,
      "48": 0.0005437687153769784
    },
    "32": {
      "6": 0.05183836010049338,
      "12": 0.0067406693585727265,
      "24": 0.0012516442760511946,
      "48": 0.0002689897273210717
    },
    "64": {
      "6": 0.017306912820466393,
      "12": 0.0027034299639465686,
      "24": 0.0004697876371090965,
      "48": 9.976426292513635e-05
    },
    "128": {
      "6": 0.0032063659534314615,
      "12": 0.000545691021517006,
      "24": 8.426758748399422e-05,
      "48": 1.6830509888661495e-05
    },
    "256": {
      "6": 0.00024112936360601626,
      "12": 4.4650637562114764e-05,
      "24": 8.714372274371777e-06,
      "48": 1.9960795088666964e-06
    }
  },
  "seconds": 185.05296850006562
}