{
  "run_tag": "CONFIRMATORY",
  "probe": "maze",
  "regime": "positive",
  "seed_pool": "HOLDOUT",
  "seed": 1028,
  "config": {
    "S": 6,
    "mults": [
      1,
      2,
      4,
      8
    ],
    "eps": 0.05,
    "hidden": 16,
    "steps": 250,
    "lr": 0.02,
    "n_train": 48,
    "n_test": 48,
    "k_grid": [
      1,
      2,
      4,
      8,
      16,
      32,
      64,
      128,
      256
    ],
    "b2_method": "jacobi",
    "match_target": "solve_adjoint"
  },
  "S": 6,
  "K_match": 7,
  "b2_method": "jacobi",
  "match_target": "solve_adjoint",
  "matched_compute": {
    "exact_solve_adjoint_flops": 5284.0,
    "b2_one_step_solve_adjoint_flops": 768
  },
  "eps": 0.05,
  "sizes": [
    6,
    12,
    24,
    48
  ],
  "k_grid": [
    1,
    2,
    4,
    8,
    16,
    32,
    64,
    128,
    256
  ],
  "exact": {
    "6": 1.51382704089528e-05,
    "12": 3.183424662042166e-06,
    "24": 7.900243769217352e-07,
    "48": 2.3693970645276698e-07
  },
  "b2_matched": {
    "6": 0.17627284663427611,
    "12": 0.0194377868267833,
    "24": 0.0037075069000739643,
    "48": 0.0008422566801908993
  },
  "b1": {
    "6": 0.25944671210997544,
    "12": 0.02191552442614851,
    "24": 0.0032155060084485027,
    "48": 0.0006167569673468599
  },
  "baseline": {
    "6": 0.029099423549320873,
    "12": 0.18616495994990248,
    "24": 0.2750841475726795,
    "48": 0.3000047718081949
  },
  "swap": {
    "train_exact__eval_exact": {
      "6": 1.51382704089528e-05,
      "12": 3.183424662042166e-06,
      "24": 7.900243769217352e-07,
      "48": 2.3693970645276698e-07
    },
    "train_exact__eval_b2": {
      "6": 0.2509524808982609,
      "12": 0.02133573305138104,
      "24": 0.0032361004385365313,
      "48": 0.0005851596202564137
    },
    "train_b2__eval_exact": {
      "6": 0.09449376514813561,
      "12": 0.023596222520155644,
      "24": 0.005488625912551721,
      "48": 0.0013320442355740166
    },
    "train_b2__eval_b2": {
      "6": 0.17627284663427611,
      "12": 0.0194377868267833,
      "24": 0.0037075069000739643,
      "48": 0.0008422566801908993
    }
  },
  "bank": {
    "1": {
      "6": 0.2995840957782392,
      "12": 0.028002639643862084,
      "24": 0.004543409792629404,
      "48": 0.0008919943753132849
    },
    "2": {
      "6": 0.2552589921202262,
      "12": 0.025042015715036798,
      "24": 0.004363066539635046,
      "48": 0.0009083094441221107
    },
    "4": {
      "6": 0.213836947157037,
      "12": 0.022442207062466052,
      "24": 0.004168470096652216,
      "48": 0.0009247553814013853
    },
    "8": {
      "6": 0.16491746931428197,
      "12": 0.018452239733259178,
      "24": 0.0035346539113595577,
      "48": 0.0008066542235360048
    },
    "16": {
      "6": 0.11037116448661034,
      "12": 0.01294062270830417,
      "24": 0.0023976600426608395,
      "48": 0.0005370447420688372
    },
    "32": {
      "6": 0.055934751461275925,
      "12": 0.007290127813582071,
      "24": 0.0012770098358188084,
      "48": 0.0002758122748491967
    },
    "64": {
      "6": 0.018988786678837542,
      "12": 0.0028853887610066705,
      "24": 0.00048207337114392957,
      "48": 0.00010014331339239974
    },
    "128": {
      "6": 0.003477673130237358,
      "12": 0.0005745917475485295,
      "24": 8.94632847025821e-05,
      "48": 1.7428126421931944e-05
    },
    "256": {
      "6": 0.00016302284334377817,
      "12": 2.4185999043941222e-05,
      "24": 3.106880735046911e-06,
      "48": 6.132751985594367e-07
    }
  },
  "seconds": 305.892944799969
}