{
  "run_tag": "CONFIRMATORY",
  "probe": "maze",
  "regime": "positive",
  "seed_pool": "HOLDOUT",
  "seed": 1012,
  "config": {
    "S": 6,
    "mults": [
      1,
      2,
      4,
      8
    ],
    "eps": 0.05,
    "hidden": 16,
    "steps": 250,
    "lr": 0.02,
    "n_train": 48,
    "n_test": 48,
    "k_grid": [
      1,
      2,
      4,
      8,
      16,
      32,
      64,
      128,
      256
    ],
    "b2_method": "jacobi",
    "match_target": "solve_adjoint"
  },
  "S": 6,
  "K_match": 7,
  "b2_method": "jacobi",
  "match_target": "solve_adjoint",
  "matched_compute": {
    "exact_solve_adjoint_flops": 5284.0,
    "b2_one_step_solve_adjoint_flops": 768
  },
  "eps": 0.05,
  "sizes": [
    6,
    12,
    24,
    48
  ],
  "k_grid": [
    1,
    2,
    4,
    8,
    16,
    32,
    64,
    128,
    256
  ],
  "exact": {
    "6": 5.609347145545064e-06,
    "12": 1.659413872680055e-06,
    "24": 2.7803985815340813e-07,
    "48": 7.490783023092685e-08
  },
  "b2_matched": {
    "6": 0.17298521133970632,
    "12": 0.018197317372213275,
    "24": 0.0035969665408265706,
    "48": 0.000849094426788652
  },
  "b1": {
    "6": 0.25879347377510076,
    "12": 0.022126864473626856,
    "24": 0.003222617344615432,
    "48": 0.0006444275474593288
  },
  "baseline": {
    "6": 0.023645027978739134,
    "12": 0.18620397933143806,
    "24": 0.27509217721033513,
    "48": 0.3000326679939327
  },
  "swap": {
    "train_exact__eval_exact": {
      "6": 5.609347145545064e-06,
      "12": 1.659413872680055e-06,
      "24": 2.7803985815340813e-07,
      "48": 7.490783023092685e-08
    },
    "train_exact__eval_b2": {
      "6": 0.2517491303136757,
      "12": 0.02108560779318789,
      "24": 0.0031633458130652043,
      "48": 0.0006592005096440391
    },
    "train_b2__eval_exact": {
      "6": 0.07093405118244041,
      "12": 0.020091572511331195,
      "24": 0.00520053574244036,
      "48": 0.0012872949467480032
    },
    "train_b2__eval_b2": {
      "6": 0.17298521133970632,
      "12": 0.018197317372213275,
      "24": 0.0035969665408265706,
      "48": 0.000849094426788652
    }
  },
  "bank": {
    "1": {
      "6": 0.2972814350697528,
      "12": 0.02789585765009746,
      "24": 0.0045136751378275376,
      "48": 0.000957083071987406
    },
    "2": {
      "6": 0.2577328721188901,
      "12": 0.024975463227043623,
      "24": 0.004325714867362828,
      "48": 0.0009618368673340566
    },
    "4": {
      "6": 0.21494663658229102,
      "12": 0.021864417754164405,
      "24": 0.004127183077038229,
      "48": 0.000957819786975237
    },
    "8": {
      "6": 0.16052041898545333,
      "12": 0.017101803638033028,
      "24": 0.0034189334211465056,
      "48": 0.0008092431551113403
    },
    "16": {
      "6": 0.10164297625504436,
      "12": 0.011347405128501806,
      "24": 0.0022337410052262565,
      "48": 0.000520140445047827
    },
    "32": {
      "6": 0.04905454808685637,
      "12": 0.006138357673523103,
      "24": 0.0011493843341046704,
      "48": 0.00026231579777331664
    },
    "64": {
      "6": 0.016152044167525963,
      "12": 0.002362594032091175,
      "24": 0.0004250066715581984,
      "48": 9.592921505516056e-05
    },
    "128": {
      "6": 0.002936265019293213,
      "12": 0.0004609599861469523,
      "24": 7.811900015263026e-05,
      "48": 1.6941526594880832e-05
    },
    "256": {
      "6": 0.00013875383718707106,
      "12": 2.022222984444829e-05,
      "24": 2.991535553651561e-06,
      "48": 5.839993146486193e-07
    }
  },
  "seconds": 267.1815955999773
}