{
  "run_tag": "CONFIRMATORY",
  "probe": "maze",
  "regime": "positive",
  "seed_pool": "HOLDOUT",
  "seed": 1005,
  "config": {
    "S": 6,
    "mults": [
      1,
      2,
      4,
      8
    ],
    "eps": 0.05,
    "hidden": 16,
    "steps": 250,
    "lr": 0.02,
    "n_train": 48,
    "n_test": 48,
    "k_grid": [
      1,
      2,
      4,
      8,
      16,
      32,
      64,
      128,
      256
    ],
    "b2_method": "jacobi",
    "match_target": "solve_adjoint"
  },
  "S": 6,
  "K_match": 7,
  "b2_method": "jacobi",
  "match_target": "solve_adjoint",
  "matched_compute": {
    "exact_solve_adjoint_flops": 5284.0,
    "b2_one_step_solve_adjoint_flops": 768
  },
  "eps": 0.05,
  "sizes": [
    6,
    12,
    24,
    48
  ],
  "k_grid": [
    1,
    2,
    4,
    8,
    16,
    32,
    64,
    128,
    256
  ],
  "exact": {
    "6": 2.48535717625582e-06,
    "12": 5.570426492052725e-07,
    "24": 1.1874434911253467e-07,
    "48": 2.040820260397641e-08
  },
  "b2_matched": {
    "6": 0.17415706979876402,
    "12": 0.01905147569098992,
    "24": 0.003545757821774124,
    "48": 0.0008266158437624328
  },
  "b1": {
    "6": 0.25936920403319835,
    "12": 0.022247149026445222,
    "24": 0.003334489268139167,
    "48": 0.0006171953833005181
  },
  "baseline": {
    "6": 0.024732253376708282,
    "12": 0.18648259164470604,
    "24": 0.27529689353099274,
    "48": 0.3000075103851149
  },
  "swap": {
    "train_exact__eval_exact": {
      "6": 2.48535717625582e-06,
      "12": 5.570426492052725e-07,
      "24": 1.1874434911253467e-07,
      "48": 2.040820260397641e-08
    },
    "train_exact__eval_b2": {
      "6": 0.251443359128675,
      "12": 0.02188075068232842,
      "24": 0.003266869897655501,
      "48": 0.0006277133100207314
    },
    "train_b2__eval_exact": {
      "6": 0.07773707535302057,
      "12": 0.02260999808142919,
      "24": 0.005273954891467501,
      "48": 0.0013018061905104425
    },
    "train_b2__eval_b2": {
      "6": 0.17415706979876402,
      "12": 0.01905147569098992,
      "24": 0.003545757821774124,
      "48": 0.0008266158437624328
    }
  },
  "bank": {
    "1": {
      "6": 0.2965652318060022,
      "12": 0.02849800986356043,
      "24": 0.004660022414144332,
      "48": 0.0009275225211752442
    },
    "2": {
      "6": 0.2561297586496082,
      "12": 0.025544081198254538,
      "24": 0.004371163085336309,
      "48": 0.0009216760266486696
    },
    "4": {
      "6": 0.21463235054270413,
      "12": 0.02258653053516735,
      "24": 0.004091935759451666,
      "48": 0.0009172317307272762
    },
    "8": {
      "6": 0.16213394996964456,
      "12": 0.01795447233122049,
      "24": 0.0033685841408456958,
      "48": 0.0007924907860812113
    },
    "16": {
      "6": 0.10450187306423347,
      "12": 0.012044100575521962,
      "24": 0.0021777840289362253,
      "48": 0.0005067186007498358
    },
    "32": {
      "6": 0.051239139380976885,
      "12": 0.006716144789005539,
      "24": 0.0011417794902017272,
      "48": 0.00025664241574085663
    },
    "64": {
      "6": 0.017134923035267816,
      "12": 0.0027061805395622858,
      "24": 0.0004276938763167417,
      "48": 9.548637224318627e-05
    },
    "128": {
      "6": 0.0032002156173427435,
      "12": 0.0005563232453880296,
      "24": 8.042128667568492e-05,
      "48": 1.8125706911263105e-05
    },
    "256": {
      "6": 0.00016400258038023197,
      "12": 2.127893213544284e-05,
      "24": 2.399055229077251e-06,
      "48": 4.537049401021468e-07
    }
  },
  "seconds": 257.3035447000293
}