{
  "run_tag": "CONFIRMATORY",
  "probe": "maze",
  "regime": "positive",
  "seed_pool": "HOLDOUT",
  "seed": 1022,
  "config": {
    "S": 6,
    "mults": [
      1,
      2,
      4,
      8
    ],
    "eps": 0.05,
    "hidden": 16,
    "steps": 250,
    "lr": 0.02,
    "n_train": 48,
    "n_test": 48,
    "k_grid": [
      1,
      2,
      4,
      8,
      16,
      32,
      64,
      128,
      256
    ],
    "b2_method": "jacobi",
    "match_target": "solve_adjoint"
  },
  "S": 6,
  "K_match": 7,
  "b2_method": "jacobi",
  "match_target": "solve_adjoint",
  "matched_compute": {
    "exact_solve_adjoint_flops": 5284.0,
    "b2_one_step_solve_adjoint_flops": 768
  },
  "eps": 0.05,
  "sizes": [
    6,
    12,
    24,
    48
  ],
  "k_grid": [
    1,
    2,
    4,
    8,
    16,
    32,
    64,
    128,
    256
  ],
  "exact": {
    "6": 1.2196824134172071e-05,
    "12": 3.4099270228125766e-06,
    "24": 7.828581913463357e-07,
    "48": 1.8319603069589802e-07
  },
  "b2_matched": {
    "6": 0.175480956235427,
    "12": 0.018857891288411047,
    "24": 0.0037734044347078385,
    "48": 0.0008548911487884212
  },
  "b1": {
    "6": 0.2635747241410835,
    "12": 0.022304003768096166,
    "24": 0.0032885550161597583,
    "48": 0.0005716510754867991
  },
  "baseline": {
    "6": 0.0323434543326247,
    "12": 0.18669438312263134,
    "24": 0.2751996160178405,
    "48": 0.29994074385466946
  },
  "swap": {
    "train_exact__eval_exact": {
      "6": 1.2196824134172071e-05,
      "12": 3.4099270228125766e-06,
      "24": 7.828581913463357e-07,
      "48": 1.8319603069589802e-07
    },
    "train_exact__eval_b2": {
      "6": 0.24862559685899568,
      "12": 0.021827347882087705,
      "24": 0.0032956373772983468,
      "48": 0.0005815057436788236
    },
    "train_b2__eval_exact": {
      "6": 0.0827345422655599,
      "12": 0.02218226016777528,
      "24": 0.0054870848190018565,
      "48": 0.0013536877456395344
    },
    "train_b2__eval_b2": {
      "6": 0.175480956235427,
      "12": 0.018857891288411047,
      "24": 0.0037734044347078385,
      "48": 0.0008548911487884212
    }
  },
  "bank": {
    "1": {
      "6": 0.2958207176360681,
      "12": 0.02838952941429917,
      "24": 0.004612686885184399,
      "48": 0.0008672542987155008
    },
    "2": {
      "6": 0.2544253641917467,
      "12": 0.025261883175225014,
      "24": 0.004402803798013037,
      "48": 0.0008930096624726857
    },
    "4": {
      "6": 0.21431481789579324,
      "12": 0.022269611968425557,
      "24": 0.004227418718792699,
      "48": 0.0009178458297959956
    },
    "8": {
      "6": 0.16381807237162296,
      "12": 0.017784720677771173,
      "24": 0.0035955755847589393,
      "48": 0.000821768115003874
    },
    "16": {
      "6": 0.10795660104802358,
      "12": 0.012074149313744263,
      "24": 0.002410904120447882,
      "48": 0.0005511326571622075
    },
    "32": {
      "6": 0.054194988865200244,
      "12": 0.006692063476124618,
      "24": 0.0012576433863329432,
      "48": 0.0002787361967033944
    },
    "64": {
      "6": 0.01820102596048498,
      "12": 0.002671488304659241,
      "24": 0.00046841740979546996,
      "48": 0.00010251148780113326
    },
    "128": {
      "6": 0.0033141808523186413,
      "12": 0.0005367623303241684,
      "24": 8.58616205359533e-05,
      "48": 1.867675265791311e-05
    },
    "256": {
      "6": 0.00015741951830317835,
      "12": 2.3494097890349444e-05,
      "24": 3.0486346394821277e-06,
      "48": 6.178160840697689e-07
    }
  },
  "seconds": 180.63465339993127
}