{
  "run_tag": "CONFIRMATORY",
  "probe": "maze",
  "regime": "positive",
  "seed_pool": "HOLDOUT",
  "seed": 1024,
  "config": {
    "S": 6,
    "mults": [
      1,
      2,
      4,
      8
    ],
    "eps": 0.05,
    "hidden": 16,
    "steps": 250,
    "lr": 0.02,
    "n_train": 48,
    "n_test": 48,
    "k_grid": [
      1,
      2,
      4,
      8,
      16,
      32,
      64,
      128,
      256
    ],
    "b2_method": "jacobi",
    "match_target": "solve_adjoint"
  },
  "S": 6,
  "K_match": 7,
  "b2_method": "jacobi",
  "match_target": "solve_adjoint",
  "matched_compute": {
    "exact_solve_adjoint_flops": 5284.0,
    "b2_one_step_solve_adjoint_flops": 768
  },
  "eps": 0.05,
  "sizes": [
    6,
    12,
    24,
    48
  ],
  "k_grid": [
    1,
    2,
    4,
    8,
    16,
    32,
    64,
    128,
    256
  ],
  "exact": {
    "6": 0.00022455843411872683,
    "12": 6.379778153882357e-05,
    "24": 1.5813781947600768e-05,
    "48": 3.871096391309808e-06
  },
  "b2_matched": {
    "6": 0.17369661299607153,
    "12": 0.01842856749297991,
    "24": 0.00351953342892092,
    "48": 0.0008140806214762659
  },
  "b1": {
    "6": 0.2587090091129807,
    "12": 0.022994535686637865,
    "24": 0.003132352058812387,
    "48": 0.0006151618714924632
  },
  "baseline": {
    "6": 0.024251092765948546,
    "12": 0.18771535624950952,
    "24": 0.2749250352962482,
    "48": 0.30000103999453454
  },
  "swap": {
    "train_exact__eval_exact": {
      "6": 0.00022455843411872683,
      "12": 6.379778153882357e-05,
      "24": 1.5813781947600768e-05,
      "48": 3.871096391309808e-06
    },
    "train_exact__eval_b2": {
      "6": 0.2499375515569291,
      "12": 0.022152788412979643,
      "24": 0.0031653523071088537,
      "48": 0.0006410252960243151
    },
    "train_b2__eval_exact": {
      "6": 0.07499219712056666,
      "12": 0.02142317225473984,
      "24": 0.004908925743191006,
      "48": 0.0012874416293318309
    },
    "train_b2__eval_b2": {
      "6": 0.17369661299607153,
      "12": 0.01842856749297991,
      "24": 0.00351953342892092,
      "48": 0.0008140806214762659
    }
  },
  "bank": {
    "1": {
      "6": 0.2987577474073679,
      "12": 0.02910115335039005,
      "24": 0.004376945982498435,
      "48": 0.0009183645576300076
    },
    "2": {
      "6": 0.2579457289543506,
      "12": 0.02559428136371527,
      "24": 0.004202191326300669,
      "48": 0.0009141166710978152
    },
    "4": {
      "6": 0.21522400188362661,
      "12": 0.022163665682600215,
      "24": 0.003997520262875627,
      "48": 0.0009005952820531235
    },
    "8": {
      "6": 0.1613489600367514,
      "12": 0.01728166577201351,
      "24": 0.00334484975400785,
      "48": 0.0007786235804887583
    },
    "16": {
      "6": 0.10298224836015143,
      "12": 0.011568160676884582,
      "24": 0.002184342095945885,
      "48": 0.0005169619983105973
    },
    "32": {
      "6": 0.049962377346395616,
      "12": 0.006437132498010435,
      "24": 0.0010990640280802608,
      "48": 0.0002618687158914509
    },
    "64": {
      "6": 0.016525757926040614,
      "12": 0.0025420411954690967,
      "24": 0.0003885090605860754,
      "48": 9.277745335269692e-05
    },
    "128": {
      "6": 0.003086308829373512,
      "12": 0.00048540299318786714,
      "24": 6.245558198944557e-05,
      "48": 1.3326987212532294e-05
    },
    "256": {
      "6": 0.0003507556054929116,
      "12": 7.574646816119428e-05,
      "24": 1.6056844435805406e-05,
      "48": 3.5673838642285514e-06
    }
  },
  "seconds": 305.46085069992114
}