{
  "run_tag": "CONFIRMATORY",
  "probe": "maze",
  "regime": "positive",
  "seed_pool": "HOLDOUT",
  "seed": 1014,
  "config": {
    "S": 6,
    "mults": [
      1,
      2,
      4,
      8
    ],
    "eps": 0.05,
    "hidden": 16,
    "steps": 250,
    "lr": 0.02,
    "n_train": 48,
    "n_test": 48,
    "k_grid": [
      1,
      2,
      4,
      8,
      16,
      32,
      64,
      128,
      256
    ],
    "b2_method": "jacobi",
    "match_target": "solve_adjoint"
  },
  "S": 6,
  "K_match": 7,
  "b2_method": "jacobi",
  "match_target": "solve_adjoint",
  "matched_compute": {
    "exact_solve_adjoint_flops": 5284.0,
    "b2_one_step_solve_adjoint_flops": 768
  },
  "eps": 0.05,
  "sizes": [
    6,
    12,
    24,
    48
  ],
  "k_grid": [
    1,
    2,
    4,
    8,
    16,
    32,
    64,
    128,
    256
  ],
  "exact": {
    "6": 0.0002103227082324541,
    "12": 7.035450689617031e-05,
    "24": 1.747508002385707e-05,
    "48": 3.4429217375628577e-06
  },
  "b2_matched": {
    "6": 0.17489698420487837,
    "12": 0.019256059182287424,
    "24": 0.0036281561459907564,
    "48": 0.0008359984537072321
  },
  "b1": {
    "6": 0.2594487738787967,
    "12": 0.02315073280421323,
    "24": 0.003167266705720451,
    "48": 0.0006079152141339667
  },
  "baseline": {
    "6": 0.02502249680178772,
    "12": 0.18803011084711965,
    "24": 0.2750579629057638,
    "48": 0.2999954867813392
  },
  "swap": {
    "train_exact__eval_exact": {
      "6": 0.0002103227082324541,
      "12": 7.035450689617031e-05,
      "24": 1.747508002385707e-05,
      "48": 3.4429217375628577e-06
    },
    "train_exact__eval_b2": {
      "6": 0.24928935490038753,
      "12": 0.02261826892535547,
      "24": 0.003149107523310249,
      "48": 0.0006274823070608978
    },
    "train_b2__eval_exact": {
      "6": 0.08043894014076584,
      "12": 0.02406432261906241,
      "24": 0.005476575660607642,
      "48": 0.0013360104518198935
    },
    "train_b2__eval_b2": {
      "6": 0.17489698420487837,
      "12": 0.019256059182287424,
      "24": 0.0036281561459907564,
      "48": 0.0008359984537072321
    }
  },
  "bank": {
    "1": {
      "6": 0.29640973832160095,
      "12": 0.02951212601950377,
      "24": 0.004406558222352122,
      "48": 0.0009048738050433313
    },
    "2": {
      "6": 0.2565872965351382,
      "12": 0.026045550666739973,
      "24": 0.00424117490731337,
      "48": 0.0009190675084650028
    },
    "4": {
      "6": 0.21549529687921506,
      "12": 0.02262145780332066,
      "24": 0.004014348572642458,
      "48": 0.0009043615460596716
    },
    "8": {
      "6": 0.16283553713170387,
      "12": 0.01820388296897398,
      "24": 0.0034708078067049973,
      "48": 0.000801817516640258
    },
    "16": {
      "6": 0.1049524938153569,
      "12": 0.012772321009957158,
      "24": 0.002427016964958695,
      "48": 0.0005539067852547181
    },
    "32": {
      "6": 0.05153651098713513,
      "12": 0.007350260292985607,
      "24": 0.0013105044086664612,
      "48": 0.00028904555837517653
    },
    "64": {
      "6": 0.01725993429310742,
      "12": 0.003012448814484802,
      "24": 0.000493325401078164,
      "48": 0.00010611260482671916
    },
    "128": {
      "6": 0.0032785188827591815,
      "12": 0.0006174198965950147,
      "24": 8.82022858229976e-05,
      "48": 1.6992173159410485e-05
    },
    "256": {
      "6": 0.0003345114773794747,
      "12": 8.314776912389877e-05,
      "24": 1.723885988958772e-05,
      "48": 3.0186455257681654e-06
    }
  },
  "seconds": 268.8839505999349
}