{
  "run_tag": "CONFIRMATORY",
  "probe": "maze",
  "regime": "positive",
  "seed_pool": "HOLDOUT",
  "seed": 1008,
  "config": {
    "S": 6,
    "mults": [
      1,
      2,
      4,
      8
    ],
    "eps": 0.05,
    "hidden": 16,
    "steps": 250,
    "lr": 0.02,
    "n_train": 48,
    "n_test": 48,
    "k_grid": [
      1,
      2,
      4,
      8,
      16,
      32,
      64,
      128,
      256
    ],
    "b2_method": "jacobi",
    "match_target": "solve_adjoint"
  },
  "S": 6,
  "K_match": 7,
  "b2_method": "jacobi",
  "match_target": "solve_adjoint",
  "matched_compute": {
    "exact_solve_adjoint_flops": 5284.0,
    "b2_one_step_solve_adjoint_flops": 768
  },
  "eps": 0.05,
  "sizes": [
    6,
    12,
    24,
    48
  ],
  "k_grid": [
    1,
    2,
    4,
    8,
    16,
    32,
    64,
    128,
    256
  ],
  "exact": {
    "6": 4.653207940614576e-05,
    "12": 1.2140375390518253e-05,
    "24": 2.334804304992527e-06,
    "48": 6.699507423126391e-07
  },
  "b2_matched": {
    "6": 0.1781322375311669,
    "12": 0.018499202836907595,
    "24": 0.0034262538613571694,
    "48": 0.0007635086188434823
  },
  "b1": {
    "6": 0.2600082644543225,
    "12": 0.022746506861139576,
    "24": 0.0030626029109829295,
    "48": 0.0006016708897783586
  },
  "baseline": {
    "6": 0.027678846521006766,
    "12": 0.18731598484692893,
    "24": 0.27486608116135075,
    "48": 0.2999935284471962
  },
  "swap": {
    "train_exact__eval_exact": {
      "6": 4.653207940614576e-05,
      "12": 1.2140375390518253e-05,
      "24": 2.334804304992527e-06,
      "48": 6.699507423126391e-07
    },
    "train_exact__eval_b2": {
      "6": 0.2511438599490186,
      "12": 0.021635582094332032,
      "24": 0.003047587757457721,
      "48": 0.0006048952631325491
    },
    "train_b2__eval_exact": {
      "6": 0.09136851234120474,
      "12": 0.02129058311888144,
      "24": 0.004945048406848925,
      "48": 0.0012240926903729508
    },
    "train_b2__eval_b2": {
      "6": 0.1781322375311669,
      "12": 0.018499202836907595,
      "24": 0.0034262538613571694,
      "48": 0.0007635086188434823
    }
  },
  "bank": {
    "1": {
      "6": 0.2984812043939671,
      "12": 0.02859479563107888,
      "24": 0.004322413553055129,
      "48": 0.0009004024015520817
    },
    "2": {
      "6": 0.25698730593755265,
      "12": 0.02524421667087049,
      "24": 0.004130417635425572,
      "48": 0.0008800118750949298
    },
    "4": {
      "6": 0.2165449498402777,
      "12": 0.02217931702488141,
      "24": 0.003963171978794854,
      "48": 0.0008712902979351873
    },
    "8": {
      "6": 0.16641698389626078,
      "12": 0.017426687800149134,
      "24": 0.00326157544300138,
      "48": 0.0007303859823751796
    },
    "16": {
      "6": 0.11091740376595569,
      "12": 0.011943468521329046,
      "24": 0.002174446472448635,
      "48": 0.0004937148942525872
    },
    "32": {
      "6": 0.05631566595717446,
      "12": 0.006706497066481872,
      "24": 0.0011593570823537102,
      "48": 0.000262690353992627
    },
    "64": {
      "6": 0.01934416750492875,
      "12": 0.0026400544272137698,
      "24": 0.0004328471259068975,
      "48": 9.715819584214725e-05
    },
    "128": {
      "6": 0.003732464835235368,
      "12": 0.000527840900377979,
      "24": 7.863670556181874e-05,
      "48": 1.7134051533331522e-05
    },
    "256": {
      "6": 0.00022944697469159755,
      "12": 3.48918789638272e-05,
      "24": 4.803046818749404e-06,
      "48": 1.1512109304665275e-06
    }
  },
  "seconds": 225.9861354000168
}