{
  "run_tag": "CONFIRMATORY",
  "probe": "maze",
  "regime": "positive",
  "seed_pool": "HOLDOUT",
  "seed": 1020,
  "config": {
    "S": 6,
    "mults": [
      1,
      2,
      4,
      8
    ],
    "eps": 0.05,
    "hidden": 16,
    "steps": 250,
    "lr": 0.02,
    "n_train": 48,
    "n_test": 48,
    "k_grid": [
      1,
      2,
      4,
      8,
      16,
      32,
      64,
      128,
      256
    ],
    "b2_method": "jacobi",
    "match_target": "solve_adjoint"
  },
  "S": 6,
  "K_match": 7,
  "b2_method": "jacobi",
  "match_target": "solve_adjoint",
  "matched_compute": {
    "exact_solve_adjoint_flops": 5284.0,
    "b2_one_step_solve_adjoint_flops": 768
  },
  "eps": 0.05,
  "sizes": [
    6,
    12,
    24,
    48
  ],
  "k_grid": [
    1,
    2,
    4,
    8,
    16,
    32,
    64,
    128,
    256
  ],
  "exact": {
    "6": 2.4320327918909584e-05,
    "12": 5.731558870889336e-06,
    "24": 1.4022996797094766e-06,
    "48": 3.772744944225434e-07
  },
  "b2_matched": {
    "6": 0.17498951194762716,
    "12": 0.018784478943188198,
    "24": 0.003626787813592892,
    "48": 0.0007597889435695512
  },
  "b1": {
    "6": 0.2610208265642762,
    "12": 0.022426019954065807,
    "24": 0.003410776563981558,
    "48": 0.0005775143935539759
  },
  "baseline": {
    "6": 0.02858908068273108,
    "12": 0.1867560824655594,
    "24": 0.27539515077255566,
    "48": 0.2999475653423718
  },
  "swap": {
    "train_exact__eval_exact": {
      "6": 2.4320327918909584e-05,
      "12": 5.731558870889336e-06,
      "24": 1.4022996797094766e-06,
      "48": 3.772744944225434e-07
    },
    "train_exact__eval_b2": {
      "6": 0.248927278359483,
      "12": 0.021915852505366016,
      "24": 0.0033588697882756535,
      "48": 0.000579224191147817
    },
    "train_b2__eval_exact": {
      "6": 0.08524391289267327,
      "12": 0.02202161140530974,
      "24": 0.005283257728690171,
      "48": 0.001183627683151159
    },
    "train_b2__eval_b2": {
      "6": 0.17498951194762716,
      "12": 0.018784478943188198,
      "24": 0.003626787813592892,
      "48": 0.0007597889435695512
    }
  },
  "bank": {
    "1": {
      "6": 0.2978504703401392,
      "12": 0.028625320567290276,
      "24": 0.004753178749579792,
      "48": 0.0008642156307897414
    },
    "2": {
      "6": 0.25521665560234397,
      "12": 0.025404323012787725,
      "24": 0.004402066497600198,
      "48": 0.0008496088323782361
    },
    "4": {
      "6": 0.21422175528986057,
      "12": 0.022322885542566923,
      "24": 0.004120678388245423,
      "48": 0.0008453827457769541
    },
    "8": {
      "6": 0.1631278188634114,
      "12": 0.01773750893710095,
      "24": 0.00346375890773457,
      "48": 0.0007291634671084059
    },
    "16": {
      "6": 0.10633792803086589,
      "12": 0.012204171330568085,
      "24": 0.002385239835802106,
      "48": 0.0004823284180053531
    },
    "32": {
      "6": 0.05272786871172583,
      "12": 0.006938100498161558,
      "24": 0.0012950087628743128,
      "48": 0.00024841504744840755
    },
    "64": {
      "6": 0.017551859522922205,
      "12": 0.002818214497660421,
      "24": 0.0004922445253658543,
      "48": 9.307369099865093e-05
    },
    "128": {
      "6": 0.0032594430152468015,
      "12": 0.0005787008329287782,
      "24": 8.965502094385813e-05,
      "48": 1.6370563783555357e-05
    },
    "256": {
      "6": 0.00016916056116269757,
      "12": 2.907999430098388e-05,
      "24": 4.197948522443913e-06,
      "48": 8.598460673873702e-07
    }
  },
  "seconds": 184.71008669992443
}