{
  "run_tag": "CONFIRMATORY",
  "probe": "maze",
  "regime": "positive",
  "seed_pool": "HOLDOUT",
  "seed": 1025,
  "config": {
    "S": 6,
    "mults": [
      1,
      2,
      4,
      8
    ],
    "eps": 0.05,
    "hidden": 16,
    "steps": 250,
    "lr": 0.02,
    "n_train": 48,
    "n_test": 48,
    "k_grid": [
      1,
      2,
      4,
      8,
      16,
      32,
      64,
      128,
      256
    ],
    "b2_method": "jacobi",
    "match_target": "solve_adjoint"
  },
  "S": 6,
  "K_match": 7,
  "b2_method": "jacobi",
  "match_target": "solve_adjoint",
  "matched_compute": {
    "exact_solve_adjoint_flops": 5284.0,
    "b2_one_step_solve_adjoint_flops": 768
  },
  "eps": 0.05,
  "sizes": [
    6,
    12,
    24,
    48
  ],
  "k_grid": [
    1,
    2,
    4,
    8,
    16,
    32,
    64,
    128,
    256
  ],
  "exact": {
    "6": 0.0002044917052039121,
    "12": 6.965416654989605e-05,
    "24": 1.7519417575101517e-05,
    "48": 3.337065129488956e-06
  },
  "b2_matched": {
    "6": 0.17902673908378408,
    "12": 0.019285037996763073,
    "24": 0.003419943171914765,
    "48": 0.000828106695577246
  },
  "b1": {
    "6": 0.25814973171620376,
    "12": 0.022192199207372913,
    "24": 0.0030519739470998932,
    "48": 0.0006509750689408287
  },
  "baseline": {
    "6": 0.024147028003658602,
    "12": 0.18641655983753422,
    "24": 0.274815084759623,
    "48": 0.3000528516386845
  },
  "swap": {
    "train_exact__eval_exact": {
      "6": 0.0002044917052039121,
      "12": 6.965416654989605e-05,
      "24": 1.7519417575101517e-05,
      "48": 3.337065129488956e-06
    },
    "train_exact__eval_b2": {
      "6": 0.25194359535946953,
      "12": 0.0215554043034736,
      "24": 0.0030711736982684903,
      "48": 0.0006637267331784354
    },
    "train_b2__eval_exact": {
      "6": 0.08935870676124115,
      "12": 0.022231147226198678,
      "24": 0.004795812109830875,
      "48": 0.0013097931436148
    },
    "train_b2__eval_b2": {
      "6": 0.17902673908378408,
      "12": 0.019285037996763073,
      "24": 0.003419943171914765,
      "48": 0.000828106695577246
    }
  },
  "bank": {
    "1": {
      "6": 0.29852292331030195,
      "12": 0.02820750268421428,
      "24": 0.004249929516008681,
      "48": 0.0009571579667304425
    },
    "2": {
      "6": 0.25783660691887145,
      "12": 0.025269877349266202,
      "24": 0.00406520826168318,
      "48": 0.0009394573664175586
    },
    "4": {
      "6": 0.21769695193322253,
      "12": 0.022557526497095037,
      "24": 0.0038913468781573584,
      "48": 0.0009219462413464884
    },
    "8": {
      "6": 0.16720084867388432,
      "12": 0.018158345923515614,
      "24": 0.0032400313604854635,
      "48": 0.0007882149351640804
    },
    "16": {
      "6": 0.11029880374461927,
      "12": 0.012538622248553144,
      "24": 0.002142989335391258,
      "48": 0.0005395668252615062
    },
    "32": {
      "6": 0.05546061935283496,
      "12": 0.007030605766817964,
      "24": 0.0010799659858282851,
      "48": 0.00028333440521644
    },
    "64": {
      "6": 0.019026953961928744,
      "12": 0.002785713828907299,
      "24": 0.0003910630275985156,
      "48": 0.00010534319455243155
    },
    "128": {
      "6": 0.0037088149033223878,
      "12": 0.0005638551435874713,
      "24": 7.036448731238377e-05,
      "48": 1.778094753271627e-05
    },
    "256": {
      "6": 0.0003430588421361716,
      "12": 7.92962471930998e-05,
      "24": 1.671715827883526e-05,
      "48": 3.0169718489290452e-06
    }
  },
  "seconds": 308.3777458999539
}