{
  "run_tag": "CONFIRMATORY",
  "probe": "maze",
  "regime": "positive",
  "seed_pool": "HOLDOUT",
  "seed": 1004,
  "config": {
    "S": 6,
    "mults": [
      1,
      2,
      4,
      8
    ],
    "eps": 0.05,
    "hidden": 16,
    "steps": 250,
    "lr": 0.02,
    "n_train": 48,
    "n_test": 48,
    "k_grid": [
      1,
      2,
      4,
      8,
      16,
      32,
      64,
      128,
      256
    ],
    "b2_method": "jacobi",
    "match_target": "solve_adjoint"
  },
  "S": 6,
  "K_match": 7,
  "b2_method": "jacobi",
  "match_target": "solve_adjoint",
  "matched_compute": {
    "exact_solve_adjoint_flops": 5284.0,
    "b2_one_step_solve_adjoint_flops": 768
  },
  "eps": 0.05,
  "sizes": [
    6,
    12,
    24,
    48
  ],
  "k_grid": [
    1,
    2,
    4,
    8,
    16,
    32,
    64,
    128,
    256
  ],
  "exact": {
    "6": 6.9057213224758824e-06,
    "12": 1.4062014590401209e-06,
    "24": 4.239125644900203e-07,
    "48": 7.6015341986918e-08
  },
  "b2_matched": {
    "6": 0.17390886780299958,
    "12": 0.018752142720934003,
    "24": 0.0036163096650165365,
    "48": 0.0008389488158882059
  },
  "b1": {
    "6": 0.26012141010764206,
    "12": 0.021621412180099876,
    "24": 0.003402854851998585,
    "48": 0.0006614213129207965
  },
  "baseline": {
    "6": 0.026827159923498874,
    "12": 0.18530865339385047,
    "24": 0.27535990958426537,
    "48": 0.30007565811005965
  },
  "swap": {
    "train_exact__eval_exact": {
      "6": 6.9057213224758824e-06,
      "12": 1.4062014590401209e-06,
      "24": 4.239125644900203e-07,
      "48": 7.6015341986918e-08
    },
    "train_exact__eval_b2": {
      "6": 0.2511136693496143,
      "12": 0.02115503208453251,
      "24": 0.003372186783897535,
      "48": 0.0006669724693859341
    },
    "train_b2__eval_exact": {
      "6": 0.07401960835646786,
      "12": 0.020928778115164706,
      "24": 0.0052142826954006466,
      "48": 0.0013493112840041687
    },
    "train_b2__eval_b2": {
      "6": 0.17390886780299958,
      "12": 0.018752142720934003,
      "24": 0.0036163096650165365,
      "48": 0.0008389488158882059
    }
  },
  "bank": {
    "1": {
      "6": 0.2983116885214845,
      "12": 0.02737303918339879,
      "24": 0.004678869667642773,
      "48": 0.0009640556939247087
    },
    "2": {
      "6": 0.2568292558177866,
      "12": 0.024823338151076867,
      "24": 0.0043887228206046765,
      "48": 0.0009515970355484201
    },
    "4": {
      "6": 0.21453921456406844,
      "12": 0.02208470892009427,
      "24": 0.004101701450084052,
      "48": 0.0009257207457607212
    },
    "8": {
      "6": 0.16175445003040678,
      "12": 0.017647043434171582,
      "24": 0.003433229887628983,
      "48": 0.0008010890642568676
    },
    "16": {
      "6": 0.1041521831034488,
      "12": 0.011758126698849158,
      "24": 0.002302610907846356,
      "48": 0.0005440848200731363
    },
    "32": {
      "6": 0.05100938236529612,
      "12": 0.006407223021601949,
      "24": 0.0012219179845345581,
      "48": 0.0002903682736203222
    },
    "64": {
      "6": 0.01692224265662969,
      "12": 0.00252380545158884,
      "24": 0.0004565426293359253,
      "48": 0.00010918596832800584
    },
    "128": {
      "6": 0.0030732625743535307,
      "12": 0.000506526310084933,
      "24": 8.322972559712237e-05,
      "48": 1.930267726925596e-05
    },
    "256": {
      "6": 0.00014549675715612513,
      "12": 2.1307100646643913e-05,
      "24": 2.88006743692976e-06,
      "48": 5.339496985331691e-07
    }
  },
  "seconds": 253.84128210006747
}